IP;MAC Address;Host Name;Phone DN;App Load ID;Boot Load ID;Version;Hardware Revision;Serial Number;Model Number;Message Waiting;UDI;1;2;3;4;Time;Time Zone;Date;System Free Memory;Java Heap Free Memory;Java Pool Free Memory
10.159.188.20;1C17D34061B5;SEP1C17D34061B5;7890;jar11sccp.9-0-3TH1-22.sbn;tnp11.3-0-1-33.bin;SCCP11.9-0-3S;8.2;FCH14178A3R;CP-7911G;No;phone;Cisco Unified IP Phone 7911G, Global;CP-7911G;V08;FCH14178A3R;6:43:02p;Asia/Riyadh;20/09/15;10947408;1714692;600888
10.159.188.21;1CAA07115206;SEP1CAA07115206;8788;jar11sccp.9-0-3TH1-22.sbn;tnp11.3-0-1-33.bin;SCCP11.9-0-3S;9.1;FCH151587Y2;CP-7911G;No;phone;Cisco Unified IP Phone 7911G, Global;CP-7911G;V09;FCH151587Y2;6:42:59p;Asia/Riyadh;20/09/15;10947408;1732096;592864
10.159.188.22;B4A4E3D63C38;SEPB4A4E3D63C38;9001;jar11sccp.9-0-2ES2.sbn;tnp11.3-0-1-33.bin;SCCP11.9-0-2SR1S;9.1;FCH14388UAA;CP-7911G;No;phone;Cisco Unified IP Phone 7911G, Global;CP-7911G;V09;FCH14388UAA;6:42:58p;Saudi Arabia Standard Time;20/09/15;12151680;1674524;124528
10.159.188.23;001BD5E82287;SEP001BD5E82287;8511;jar11sccp.9-0-3TH1-22.sbn;tnp11.3-0-1-23.bin;SCCP11.9-0-3S;7.1;FCH11238KYG;CP-7911G;No;phone;Cisco Unified IP Phone 7911G, Global;CP-7911G;V03;FCH11238KYG;6:42:58p;Asia/Riyadh;20/09/15;10955600;1689412;601120
10.159.188.24;1C17D34062F1;SEP1C17D34062F1;8759;jar11sccp.9-0-3TH1-22.sbn;tnp11.3-0-1-33.bin;SCCP11.9-0-3S;8.2;FCH14178AD2;CP-7911G;No;phone;Cisco Unified IP Phone 7911G, Global;CP-7911G;V08;FCH14178AD2;6:43:07p;Asia/Riyadh;20/09/15;10947408;1720304;592776
10.159.188.25;001BD512EB26;SEP001BD512EB26;7809;jar11sccp.9-0-3TH1-22.sbn;tnp11.3-0-1-23.bin;SCCP11.9-0-3S;7.1;FCH11208FLP;CP-7911G;No;phone;Cisco Unified IP Phone 7911G, Global;CP-7911G;V03;FCH11208FLP;6:42:58p;Asia/Riyadh;20/09/15;10922832;1723828;600832
10.159.188.26;3037A617D1F0;SEP3037A617D1F0;8764;jar42sccp.9-0-3TH1-22.sbn;tnp62.8-3-1-21a.bin;SCCP42.9-0-3S;11.0;FCH14088EVS;CP-7962G;No;phone;Cisco Unified IP Phone 7962G, Global;CP-7962G;V06;FCH14088EVS;6:43:02p;Asia/Riyadh;20/09/15;7332512;2840356;469120
10.159.188.27;001BD512D824;SEP001BD512D824;7870;jar11sccp.9-0-3TH1-22.sbn;tnp11.3-0-1-23.bin;SCCP11.9-0-3S;7.1;FCH11208BDK;CP-7911G;No;phone;Cisco Unified IP Phone 7911G, Global;CP-7911G;V03;FCH11208BDK;6:43:06p;Asia/Riyadh;20/09/15;10947408;1632504;599488
10.159.188.28;001BD512E56A;SEP001BD512E56A;7802;jar11sccp.9-0-3TH1-22.sbn;tnp11.3-0-1-23.bin;SCCP11.9-0-3S;7.1;FCH11208EBH;CP-7911G;No;phone;Cisco Unified IP Phone 7911G, Global;CP-7911G;V03;FCH11208EBH;6:43:02p;Asia/Riyadh;20/09/15;10980176;1720736;601976
10.159.188.29;001BD512E8D1;SEP001BD512E8D1;8780;jar11sccp.9-0-3TH1-22.sbn;tnp11.3-0-1-23.bin;SCCP11.9-0-3S;7.1;FCH11208F34;CP-7911G;No;phone;Cisco Unified IP Phone 7911G, Global;CP-7911G;V03;FCH11208F34;6:43:05p;Asia/Riyadh;20/09/15;10947408;1725356;601008
10.159.188.30;00270DBEDCEA;SEP00270DBEDCEA;8717;jar11sccp.9-0-3TH1-22.sbn;tnp11.3-0-1-33.bin;SCCP11.9-0-3S;8.2;FCH13428WLN;CP-7911G;No;phone;Cisco Unified IP Phone 7911G, Global;CP-7911G;V08;FCH13428WLN;6:43:07p;Asia/Riyadh;20/09/15;10787664;1684308;556376
10.159.188.31;1CAA0710AE6F;SEP1CAA0710AE6F;8465;jar11sccp.9-0-2ES2.sbn;tnp11.3-0-1-33.bin;SCCP11.9-0-2SR1S;9.1;FCH15149H5X;CP-7911G;No;phone;Cisco Unified IP Phone 7911G, Global;CP-7911G;V09;FCH15149H5X;6:42:59p;Saudi Arabia Standard Time;20/09/15;12127104;1761608;133952
10.159.188.32;24B657459599;SEP24B657459599;7848;jar11sccp.9-0-3TH1-22.sbn;tnp11.3-0-1-33.bin;SCCP11.9-0-3S;9.1;FCH1542AV0V;CP-7911G;No;phone;Cisco Unified IP Phone 7911G, Global;CP-7911G;V09;FCH1542AV0V;6:43:06p;Asia/Riyadh;20/09/15;10947408;1704988;601080
10.159.188.33;001BD512D6E5;SEP001BD512D6E5;7812;jar11sccp.9-0-3TH1-22.sbn;tnp11.3-0-1-23.bin;SCCP11.9-0-3S;7.1;FCH11208B46;CP-7911G;No;phone;Cisco Unified IP Phone 7911G, Global;CP-7911G;V03;FCH11208B46;6:43:10p;Asia/Riyadh;20/09/15;10971984;1708216;603968
10.159.188.34;00270DBEDAFD;SEP00270DBEDAFD;8722;jar11sccp.9-0-3TH1-22.sbn;tnp11.3-0-1-33.bin;SCCP11.9-0-3S;8.2;FCH13428W65;CP-7911G;No;phone;Cisco Unified IP Phone 7911G, Global;CP-7911G;V08;FCH13428W65;6:43:08p;Asia/Riyadh;20/09/15;10636112;1579288;525168
10.159.188.35;3037A61782F9;SEP3037A61782F9;8707;jar42sccp.9-0-3TH1-22.sbn;tnp62.8-3-1-21a.bin;SCCP42.9-0-3S;11.0;FCH140796L9;CP-7962G;No;phone;Cisco Unified IP Phone 7962G, Global;CP-7962G;V06;FCH140796L9;6:43:11p;Asia/Riyadh;20/09/15;7299744;2704832;461048
10.159.188.36;00269942AF70;SEP00269942AF70;8720;jar11sccp.9-0-3TH1-22.sbn;tnp11.3-0-1-33.bin;SCCP11.9-0-3S;8.2;FCH13438SXG;CP-7911G;No;phone;Cisco Unified IP Phone 7911G, Global;CP-7911G;V08;FCH13438SXG;6:43:08p;Asia/Riyadh;20/09/15;10955600;1691760;601336
10.159.188.37;24B6574595C5;SEP24B6574595C5;8455;jar11sccp.9-0-2ES2.sbn;tnp11.3-0-1-33.bin;SCCP11.9-0-2SR1S;9.1;FCH1542AV25;CP-7911G;No;phone;Cisco Unified IP Phone 7911G, Global;CP-7911G;V09;FCH1542AV25;6:43:06p;Saudi Arabia Standard Time;20/09/15;12290944;1705008;148048
10.159.188.38;00270DBF9492;SEP00270DBF9492;8351;jar42sccp.9-0-2ES2.sbn;tnp42.8-3-1-21a.bin;SCCP42.9-0-2SR1S;11.0;FCH1342A4BD;CP-7942G;No;phone;Cisco Unified IP Phone 7942G, Global;CP-7942G;V06;FCH1342A4BD;6:43:11p;Saudi Arabia Standard Time;20/09/15;8659616;2753416;187864
10.159.188.39;001BD512D58A;SEP001BD512D58A;7887;jar11sccp.9-0-3TH1-22.sbn;tnp11.3-0-1-23.bin;SCCP11.9-0-3S;7.1;FCH11208ATZ;CP-7911G;No;phone;Cisco Unified IP Phone 7911G, Global;CP-7911G;V03;FCH11208ATZ;6:43:10p;Asia/Riyadh;20/09/15;10947408;1702980;599648
10.159.188.40;24B6574535D4;SEP24B6574535D4;7858;jar11sccp.9-0-3TH1-22.sbn;tnp11.3-0-1-33.bin;SCCP11.9-0-3S;9.1;FCH1542A6VT;CP-7911G;No;phone;Cisco Unified IP Phone 7911G, Global;CP-7911G;V09;FCH1542A6VT;6:43:08p;Asia/Riyadh;20/09/15;10951504;1704720;601328
10.159.188.41;001B54951122;SEP001B54951122;7868;jar11sccp.9-0-3TH1-22.sbn;tnp11.3-0-1-23.bin;SCCP11.9-0-3S;5.1;FCH11148FF6;CP-7911G;No;phone;Cisco Unified IP Phone 7911G, Global;CP-7911G;V02;FCH11148FF6;6:43:10p;Asia/Riyadh;20/09/15;10750800;1601460;549480
10.159.188.43;24B6574595BF;SEP24B6574595BF;7859;jar11sccp.9-0-3TH1-22.sbn;tnp11.3-0-1-33.bin;SCCP11.9-0-3S;9.1;FCH1542AV1Z;CP-7911G;No;phone;Cisco Unified IP Phone 7911G, Global;CP-7911G;V09;FCH1542AV1Z;6:43:35p;Asia/Riyadh;20/09/15;10750800;1640468;556280
10.159.188.44;8CB64FF6846D;SEP8CB64FF6846D;7843;jar11sccp.9-0-3TH1-22.sbn;tnp11.3-0-1-33.bin;SCCP11.9-0-3S;9.1;FCH15028QL9;CP-7911G;No;phone;Cisco Unified IP Phone 7911G, Global;CP-7911G;V09;FCH15028QL9;6:43:27p;Asia/Riyadh;20/09/15;10730320;1555092;529152
10.159.188.45;24B6574597E7;SEP24B6574597E7;7853;jar11sccp.9-0-3TH1-22.sbn;tnp11.3-0-1-33.bin;SCCP11.9-0-3S;9.1;FCH1542AVJ7;CP-7911G;No;phone;Cisco Unified IP Phone 7911G, Global;CP-7911G;V09;FCH1542AVJ7;6:43:30p;Asia/Riyadh;20/09/15;10791760;1606604;531120
10.159.188.46;E840400D34D7;SEPE840400D34D7;8517;jar11sccp.9-0-3TH1-22.sbn;tnp11.3-0-1-33.bin;SCCP11.9-0-3S;9.1;FCH15129HPK;CP-7911G;No;phone;Cisco Unified IP Phone 7911G, Global;CP-7911G;V09;FCH15129HPK;6:43:37p;Asia/Riyadh;20/09/15;10939216;1702612;601552
10.159.188.47;2C3F38C9FF93;SEP2C3F38C9FF93;7854;jar11sccp.9-0-3TH1-22.sbn;tnp11.3-0-1-33.bin;SCCP11.9-0-3S;9.1;FCH154284EV;CP-7911G;No;phone;Cisco Unified IP Phone 7911G, Global;CP-7911G;V09;FCH154284EV;6:43:36p;Asia/Riyadh;20/09/15;10947408;1739384;601352
10.159.188.49;1CAA07114A2A;SEP1CAA07114A2A;7847;jar11sccp.9-0-3TH1-22.sbn;tnp11.3-0-1-33.bin;SCCP11.9-0-3S;9.1;FCH1515866W;CP-7911G;No;phone;Cisco Unified IP Phone 7911G, Global;CP-7911G;V09;FCH1515866W;6:43:59p;Asia/Riyadh;20/09/15;10820432;1690912;556848
10.159.188.50;8CB64F57303E;SEP8CB64F57303E;8732;jar11sccp.9-0-3TH1-22.sbn;tnp11.3-0-1-33.bin;SCCP11.9-0-3S;9.1;FCH14529GWE;CP-7911G;No;phone;Cisco Unified IP Phone 7911G, Global;CP-7911G;V09;FCH14529GWE;6:43:56p;Asia/Riyadh;20/09/15;10771280;1650052;541176
10.159.188.51;001BD512E89A;SEP001BD512E89A;8760;jar11sccp.9-0-3TH1-22.sbn;tnp11.3-0-1-23.bin;SCCP11.9-0-3S;7.1;FCH11208F1H;CP-7911G;No;phone;Cisco Unified IP Phone 7911G, Global;CP-7911G;V03;FCH11208F1H;6:43:58p;Asia/Riyadh;20/09/15;10955600;1711016;604000
10.159.188.52;001BD4A05C8A;SEP001BD4A05C8A;7804;jar11sccp.9-0-3TH1-22.sbn;tnp11.3-0-1-23.bin;SCCP11.9-0-3S;5.1;FCH11179FKR;CP-7911G;No;phone;Cisco Unified IP Phone 7911G, Global;CP-7911G;V02;FCH11179FKR;6:44:03p;Asia/Riyadh;20/09/15;10754896;1641676;531968
10.159.188.53;00270DBEDB05;SEP00270DBEDB05;8719;jar11sccp.9-0-3TH1-22.sbn;tnp11.3-0-1-33.bin;SCCP11.9-0-3S;8.2;FCH13428W6D;CP-7911G;No;phone;Cisco Unified IP Phone 7911G, Global;CP-7911G;V08;FCH13428W6D;6:43:57p;Asia/Riyadh;20/09/15;10283856;1601324;537136
10.159.188.54;24B657459988;SEP24B657459988;8775;jar11sccp.9-0-3TH1-22.sbn;tnp11.3-0-1-33.bin;SCCP11.9-0-3S;9.1;FCH1542AVWG;CP-7911G;No;phone;Cisco Unified IP Phone 7911G, Global;CP-7911G;V09;FCH1542AVWG;6:44:02p;Asia/Riyadh;20/09/15;10693456;1693356;553672
10.159.188.55;B4A4E3299A71;SEPB4A4E3299A71;7850;jar11sccp.9-0-3TH1-22.sbn;tnp11.3-0-1-33.bin;SCCP11.9-0-3S;9.1;FCH1437AX20;CP-7911G;No;phone;Cisco Unified IP Phone 7911G, Global;CP-7911G;V09;FCH1437AX20;6:43:53p;Asia/Riyadh;20/09/15;10971984;1712056;603920
10.159.188.56;00270DBEDA43;SEP00270DBEDA43;8728;jar11sccp.9-0-3TH1-22.sbn;tnp11.3-0-1-33.bin;SCCP11.9-0-3S;8.2;FCH13428W0P;CP-7911G;No;phone;Cisco Unified IP Phone 7911G, Global;CP-7911G;V08;FCH13428W0P;6:43:56p;Asia/Riyadh;20/09/15;10955600;1729264;601056
10.159.188.57;00270DBEDC50;SEP00270DBEDC50;8769;jar11sccp.9-0-3TH1-22.sbn;tnp11.3-0-1-33.bin;SCCP11.9-0-3S;8.2;FCH13428WG4;CP-7911G;No;phone;Cisco Unified IP Phone 7911G, Global;CP-7911G;V08;FCH13428WG4;6:43:56p;Asia/Riyadh;20/09/15;10697552;1701924;549840
10.159.188.58;001BD4A02532;SEP001BD4A02532;7829;jar11sccp.9-0-3TH1-22.sbn;tnp11.3-0-1-23.bin;SCCP11.9-0-3S;5.1;FCH11178ZUN;CP-7911G;No;phone;Cisco Unified IP Phone 7911G, Global;CP-7911G;V02;FCH11178ZUN;6:44:02p;Asia/Riyadh;20/09/15;10754896;1657328;540744
10.159.188.59;00270DBFD5CD;SEP00270DBFD5CD;8753;jar11sccp.9-0-3TH1-22.sbn;tnp11.3-0-1-33.bin;SCCP11.9-0-3S;8.2;FCH1343812H;CP-7911G;No;phone;Cisco Unified IP Phone 7911G, Global;CP-7911G;V08;FCH1343812H;6:43:59p;Asia/Riyadh;20/09/15;10713936;1693556;559936
10.159.188.60;001BD512D611;SEP001BD512D611;7805;jar11sccp.9-0-3TH1-22.sbn;tnp11.3-0-1-23.bin;SCCP11.9-0-3S;7.1;FCH11208AXY;CP-7911G;No;phone;Cisco Unified IP Phone 7911G, Global;CP-7911G;V03;FCH11208AXY;6:44:04p;Asia/Riyadh;20/09/15;10824528;1632480;557176
10.159.188.61;3037A6178110;SEP3037A6178110;8770;jar42sccp.9-0-3TH1-22.sbn;tnp62.8-3-1-21a.bin;SCCP42.9-0-3S;11.0;FCH1407965W;CP-7962G;No;phone;Cisco Unified IP Phone 7962G, Global;CP-7962G;V06;FCH1407965W;6:43:57p;Asia/Riyadh;20/09/15;7324320;2732560;469312
10.159.188.62;001BD4A02FA3;SEP001BD4A02FA3;8786;jar11sccp.9-0-3TH1-22.sbn;tnp11.3-0-1-23.bin;SCCP11.9-0-3S;5.1;FCH1117925A;CP-7911G;No;phone;Cisco Unified IP Phone 7911G, Global;CP-7911G;V02;FCH1117925A;6:44:05p;Asia/Riyadh;20/09/15;10804048;1630892;535544
10.159.188.64;001BD512EA7E;SEP001BD512EA7E;7889;jar11sccp.9-0-3TH1-22.sbn;tnp11.3-0-1-23.bin;SCCP11.9-0-3S;7.1;FCH11208FFR;CP-7911G;No;phone;Cisco Unified IP Phone 7911G, Global;CP-7911G;V03;FCH11208FFR;6:44:00p;Asia/Riyadh;20/09/15;10701648;1598348;548624
10.159.188.65;001BD512D5A1;SEP001BD512D5A1;7880;jar11sccp.9-0-3TH1-22.sbn;tnp11.3-0-1-23.bin;SCCP11.9-0-3S;7.1;FCH11208AUN;CP-7911G;No;phone;Cisco Unified IP Phone 7911G, Global;CP-7911G;V03;FCH11208AUN;6:44:02p;Asia/Riyadh;20/09/15;10894160;1680144;606824
10.159.188.66;00270DBED9C5;SEP00270DBED9C5;8727;jar11sccp.9-0-3TH1-22.sbn;tnp11.3-0-1-33.bin;SCCP11.9-0-3S;8.2;FCH13428VWZ;CP-7911G;No;phone;Cisco Unified IP Phone 7911G, Global;CP-7911G;V08;FCH13428VWZ;6:44:06p;Asia/Riyadh;20/09/15;10947408;1719924;600832
10.159.188.68;001BD512D594;SEP001BD512D594;8776;jar11sccp.9-0-3TH1-22.sbn;tnp11.3-0-1-23.bin;SCCP11.9-0-3S;7.1;FCH11208AU9;CP-7911G;No;phone;Cisco Unified IP Phone 7911G, Global;CP-7911G;V03;FCH11208AU9;6:44:10p;Asia/Riyadh;20/09/15;10824528;1632588;531600
10.159.188.69;001BD4A060C4;SEP001BD4A060C4;8791;jar11sccp.9-0-3TH1-22.sbn;tnp11.3-0-1-23.bin;SCCP11.9-0-3S;5.1;FCH11179GHK;CP-7911G;No;phone;Cisco Unified IP Phone 7911G, Global;CP-7911G;V02;FCH11179GHK;6:44:06p;Asia/Riyadh;20/09/15;10738512;1681604;557136
10.159.188.70;00270DBEDA40;SEP00270DBEDA40;7879;jar11sccp.9-0-3TH1-22.sbn;tnp11.3-0-1-33.bin;SCCP11.9-0-3S;8.2;FCH13428W0L;CP-7911G;No;phone;Cisco Unified IP Phone 7911G, Global;CP-7911G;V08;FCH13428W0L;6:44:10p;Asia/Riyadh;20/09/15;10939216;1766840;580240
10.159.188.71;24B65745355E;SEP24B65745355E;7863;jar11sccp.9-0-3TH1-22.sbn;tnp11.3-0-1-33.bin;SCCP11.9-0-3S;9.1;FCH1542A6SB;CP-7911G;No;phone;Cisco Unified IP Phone 7911G, Global;CP-7911G;V09;FCH1542A6SB;6:44:07p;Asia/Riyadh;20/09/15;10775376;1686412;547968
10.159.188.72;A4563041F933;SEPA4563041F933;8516;jar45sccp.9-0-3TH1-22.sbn;tnp65.8-3-1-21a.bin;SCCP45.9-0-3S;12.0;FCH16038TKU;CP-7965G;No;phone;Cisco Unified IP Phone 7965G, Global, Gig Ethernet, Color;CP-7965G;V11;FCH16038TKU;6:44:09p;Asia/Riyadh;20/09/15;5681824;2616500;219224
10.159.188.73;00269942ACF3;SEP00269942ACF3;8725;jar11sccp.9-0-3TH1-22.sbn;tnp11.3-0-1-33.bin;SCCP11.9-0-3S;8.2;FCH13438SCQ;CP-7911G;No;phone;Cisco Unified IP Phone 7911G, Global;CP-7911G;V08;FCH13438SCQ;6:44:07p;Asia/Riyadh;20/09/15;10955600;1702648;611768
10.159.188.74;1C17D34060B8;SEP1C17D34060B8;8767;jar11sccp.9-0-3TH1-22.sbn;tnp11.3-0-1-33.bin;SCCP11.9-0-3S;8.2;FCH141789WA;CP-7911G;No;phone;Cisco Unified IP Phone 7911G, Global;CP-7911G;V08;FCH141789WA;6:44:08p;Asia/Riyadh;20/09/15;10955600;1699256;593104
10.159.188.75;001BD49FF5B4;SEP001BD49FF5B4;8790;jar11sccp.9-0-3TH1-22.sbn;tnp11.3-0-1-23.bin;SCCP11.9-0-3S;5.1;FCH11178PB2;CP-7911G;No;phone;Cisco Unified IP Phone 7911G, Global;CP-7911G;V02;FCH11178PB2;6:44:13p;Asia/Riyadh;20/09/15;10824528;1661800;530936
10.159.188.76;24B6574597E8;SEP24B6574597E8;7844;jar11sccp.9-0-3TH1-22.sbn;tnp11.3-0-1-33.bin;SCCP11.9-0-3S;9.1;FCH1542AVJ8;CP-7911G;No;phone;Cisco Unified IP Phone 7911G, Global;CP-7911G;V09;FCH1542AVJ8;6:44:10p;Asia/Riyadh;20/09/15;10333008;1663704;532560
10.159.188.77;001BD49FF55D;SEP001BD49FF55D;8522;jar11sccp.9-0-3TH1-22.sbn;tnp11.3-0-1-23.bin;SCCP11.9-0-3S;5.1;FCH11178P8H;CP-7911G;No;phone;Cisco Unified IP Phone 7911G, Global;CP-7911G;V02;FCH11178P8H;6:44:04p;Asia/Riyadh;20/09/15;10824528;1771108;567416
10.159.188.78;001BD512D6F7;SEP001BD512D6F7;8799;jar11sccp.9-0-3TH1-22.sbn;tnp11.3-0-1-23.bin;SCCP11.9-0-3S;7.1;FCH11208B4Q;CP-7911G;No;phone;Cisco Unified IP Phone 7911G, Global;CP-7911G;V03;FCH11208B4Q;6:44:09p;Asia/Riyadh;20/09/15;10816336;1712916;547032
10.159.188.79;001BD47E09D6;SEP001BD47E09D6;7806;jar11sccp.9-0-3TH1-22.sbn;tnp11.3-0-1-23.bin;SCCP11.9-0-3S;5.1;FCH11178JPX;CP-7911G;No;phone;Cisco Unified IP Phone 7911G, Global;CP-7911G;V02;FCH11178JPX;6:44:09p;Asia/Riyadh;20/09/15;10672976;1639916;531496
10.159.188.80;1C17D340611F;SEP1C17D340611F;7895;jar11sccp.9-0-3TH1-22.sbn;tnp11.3-0-1-33.bin;SCCP11.9-0-3S;8.2;FCH141789ZB;CP-7911G;No;phone;Cisco Unified IP Phone 7911G, Global;CP-7911G;V08;FCH141789ZB;6:44:17p;Asia/Riyadh;20/09/15;10742608;1562012;537120
10.159.188.81;00269942AD38;SEP00269942AD38;8730;jar11sccp.9-0-3TH1-22.sbn;tnp11.3-0-1-33.bin;SCCP11.9-0-3S;8.2;FCH13438SER;CP-7911G;No;phone;Cisco Unified IP Phone 7911G, Global;CP-7911G;V08;FCH13438SER;6:44:15p;Asia/Riyadh;20/09/15;10955600;1717340;592368
10.159.188.82;00270DBEE248;SEP00270DBEE248;8716;jar11sccp.9-0-3TH1-22.sbn;tnp11.3-0-1-33.bin;SCCP11.9-0-3S;8.2;FCH13428XT2;CP-7911G;No;phone;Cisco Unified IP Phone 7911G, Global;CP-7911G;V08;FCH13428XT2;6:44:08p;Asia/Riyadh;20/09/15;10955600;1730036;603536
10.159.188.83;081FF3622E0C;SEP081FF3622E0C;8747;jar42sccp.9-0-3TH1-22.sbn;tnp42.8-3-1-21a.bin;SCCP42.9-0-3S;11.0;FCH14118VHR;CP-7942G;No;phone;Cisco Unified IP Phone 7942G, Global;CP-7942G;V06;FCH14118VHR;6:44:16p;Asia/Riyadh;20/09/15;7262880;2657136;410040
10.159.188.84;00270DBED9B2;SEP00270DBED9B2;8901;jar11sccp.9-0-3TH1-22.sbn;tnp11.3-0-1-33.bin;SCCP11.9-0-3S;8.2;FCH13428VWE;CP-7911G;No;phone;Cisco Unified IP Phone 7911G, Global;CP-7911G;V08;FCH13428VWE;6:44:13p;Asia/Riyadh;20/09/15;10947408;1691600;600992
10.159.188.85;FCFBFB10D7BA;SEPFCFBFB10D7BA;8709;jar42sccp.9-0-3TH1-22.sbn;tnp42.8-3-1-21a.bin;SCCP42.9-0-3S;11.0;FCH14098DHX;CP-7942G;No;phone;Cisco Unified IP Phone 7942G, Global;CP-7942G;V06;FCH14098DHX;6:44:08p;Asia/Riyadh;20/09/15;7348896;2840672;470224
10.159.188.86;001BD512D5DC;SEP001BD512D5DC;8762;jar11sccp.9-0-3TH1-22.sbn;tnp11.3-0-1-23.bin;SCCP11.9-0-3S;7.1;FCH11208AWD;CP-7911G;No;phone;Cisco Unified IP Phone 7911G, Global;CP-7911G;V03;FCH11208AWD;6:44:11p;Asia/Riyadh;20/09/15;10836816;1648320;554168
10.159.188.87;1C17D340718F;SEP1C17D340718F;7878;jar11sccp.9-0-3TH1-22.sbn;tnp11.3-0-1-33.bin;SCCP11.9-0-3S;8.2;FCH14178DM8;CP-7911G;No;phone;Cisco Unified IP Phone 7911G, Global;CP-7911G;V08;FCH14178DM8;6:44:17p;Asia/Riyadh;20/09/15;10763088;1671332;539704
10.159.188.88;001BD47E0984;SEP001BD47E0984;7876;jar11sccp.9-0-3TH1-22.sbn;tnp11.3-0-1-23.bin;SCCP11.9-0-3S;5.1;FCH11178JMH;CP-7911G;No;phone;Cisco Unified IP Phone 7911G, Global;CP-7911G;V02;FCH11178JMH;6:44:14p;Asia/Riyadh;20/09/15;10746704;1624708;538960
10.159.188.89;001BD512D8F8;SEP001BD512D8F8;8771;jar11sccp.9-0-3TH1-22.sbn;tnp11.3-0-1-23.bin;SCCP11.9-0-3S;7.1;FCH11208BKT;CP-7911G;No;phone;Cisco Unified IP Phone 7911G, Global;CP-7911G;V03;FCH11208BKT;6:44:17p;Asia/Riyadh;20/09/15;10947408;1709564;613032
10.159.188.90;001BD4A06227;SEP001BD4A06227;7815;jar11sccp.9-0-3TH1-22.sbn;tnp11.3-0-1-23.bin;SCCP11.9-0-3S;5.1;FCH11179GU0;CP-7911G;No;phone;Cisco Unified IP Phone 7911G, Global;CP-7911G;V02;FCH11179GU0;6:44:15p;Asia/Riyadh;20/09/15;10873680;1703400;592760
10.159.188.91;00270DBFA6BB;SEP00270DBFA6BB;8700;jar75sccp.8-3-1-22.sbn;tnp75.8-3-4-16BN01.bin;SCCP75.8-3-2S;10.0;FCH1342A8D6;CP-7975G;No;phone;Cisco Unified IP Phone 7975G, Global, Gig Ethernet, Color;CP-7975G;V07;FCH1342A8D6;6:44:16p;Saudi Arabia Standard Time;20/09/15
10.159.188.92;00269942ACCB;SEP00269942ACCB;8704;jar11sccp.9-0-3TH1-22.sbn;tnp11.3-0-1-33.bin;SCCP11.9-0-3S;8.2;FCH13438SBJ;CP-7911G;Yes;phone;Cisco Unified IP Phone 7911G, Global;CP-7911G;V08;FCH13438SBJ;6:44:19p;Asia/Riyadh;20/09/15;10963792;1694864;601856
10.159.188.93;001BD47E0946;SEP001BD47E0946;7891;jar11sccp.9-0-3TH1-22.sbn;tnp11.3-0-1-23.bin;SCCP11.9-0-3S;5.1;FCH11178JKP;CP-7911G;No;phone;Cisco Unified IP Phone 7911G, Global;CP-7911G;V02;FCH11178JKP;6:44:15p;Asia/Riyadh;20/09/15;10939216;1693964;601896
10.159.188.94;001BD4A025D3;SEP001BD4A025D3;8735;jar11sccp.9-0-3TH1-22.sbn;tnp11.3-0-1-23.bin;SCCP11.9-0-3S;5.1;FCH11178ZZD;CP-7911G;No;phone;Cisco Unified IP Phone 7911G, Global;CP-7911G;V02;FCH11178ZZD;6:44:17p;Asia/Riyadh;20/09/15;10963792;1701452;601272
10.159.188.95;00270DBEDCAD;SEP00270DBEDCAD;8773;jar11sccp.9-0-3TH1-22.sbn;tnp11.3-0-1-33.bin;SCCP11.9-0-3S;8.2;FCH13428WJV;CP-7911G;No;phone;Cisco Unified IP Phone 7911G, Global;CP-7911G;V08;FCH13428WJV;6:44:22p;Asia/Riyadh;20/09/15;10730320;1706836;558864
10.159.188.96;001BD4A05D71;SEP001BD4A05D71;7828;jar11sccp.9-0-3TH1-22.sbn;tnp11.3-0-1-23.bin;SCCP11.9-0-3S;5.1;FCH11179FSJ;CP-7911G;No;phone;Cisco Unified IP Phone 7911G, Global;CP-7911G;V02;FCH11179FSJ;6:44:24p;Asia/Riyadh;20/09/15;10947408;1723992;593088
10.159.188.97;00270DBF9982;SEP00270DBF9982;8748;jar42sccp.8-5-2TH1-9.sbn;tnp42.8-3-1-21a.bin;SCCP42.8-5-2S;11.0;FCH1342A5FM;CP-7942G;No;phone;Cisco Unified IP Phone 7942G, Global;CP-7942G;V06;FCH1342A5FM;6:44:17p;20/09/15;8298496;2737056;134152
10.159.188.98;8478ACE7E34B;SEP8478ACE7E34B;8755;jar45sccp.9-0-3TH1-22.sbn;tnp65.9-3-1-48.bin;SCCP45.9-0-3S;12.0;FCH16498A37;CP-7965G;No;phone;Cisco Unified IP Phone 7965G, Global, Gig Ethernet, Color;CP-7965G;V11;FCH16498A37;6:44:19p;Asia/Riyadh;20/09/15;5673632;2659804;219120
10.159.188.99;ECC882B1905C;SEPECC882B1905C;8703;jar75sccp.9-0-3TH1-22.sbn;tnp75.8-3-4-16BN01.bin;SCCP75.9-0-3S;11.0;FCH14458LYG;CP-7975G;No;phone;Cisco Unified IP Phone 7975G, Global, Gig Ethernet, Color;CP-7975G;V09;FCH14458LYG;6:44:22p;Asia/Riyadh;20/09/15;5673632;2659688;267384
10.159.188.100;081FF3632549;SEP081FF3632549;8711;jar42sccp.9-0-3TH1-22.sbn;tnp42.8-3-1-21a.bin;SCCP42.9-0-3S;11.0;FCH1411AGBA;CP-7942G;Yes;phone;Cisco Unified IP Phone 7942G, Global;CP-7942G;V06;FCH1411AGBA;6:44:22p;Asia/Riyadh;20/09/15;7864992;2691252;138288
10.159.188.101;B4A4E3D73B65;SEPB4A4E3D73B65;8540;jar11sccp.9-0-3TH1-22.sbn;tnp11.3-0-1-33.bin;SCCP11.9-0-3S;9.1;FCH1438AKHG;CP-7911G;No;phone;Cisco Unified IP Phone 7911G, Global;CP-7911G;V09;FCH1438AKHG;6:44:28p;Asia/Riyadh;20/09/15;10734416;1682352;552688
10.159.188.102;001BD4A0624A;SEP001BD4A0624A;8782;jar11sccp.9-0-3TH1-22.sbn;tnp11.3-0-1-23.bin;SCCP11.9-0-3S;5.1;FCH11179GV1;CP-7911G;No;phone;Cisco Unified IP Phone 7911G, Global;CP-7911G;V02;FCH11179GV1;6:44:29p;Asia/Riyadh;20/09/15;10996560;1714168;602104
10.159.188.103;001BD512ECAA;SEP001BD512ECAA;8783;jar11sccp.9-0-3TH1-22.sbn;tnp11.3-0-1-23.bin;SCCP11.9-0-3S;7.1;FCH11208FY3;CP-7911G;No;phone;Cisco Unified IP Phone 7911G, Global;CP-7911G;V03;FCH11208FY3;6:44:25p;Asia/Riyadh;20/09/15;10947408;1695960;584600
10.159.188.104;00270DBED9D8;SEP00270DBED9D8;8718;jar11sccp.9-0-3TH1-22.sbn;tnp11.3-0-1-33.bin;SCCP11.9-0-3S;8.2;FCH13428VXJ;CP-7911G;No;phone;Cisco Unified IP Phone 7911G, Global;CP-7911G;V08;FCH13428VXJ;6:44:28p;Asia/Riyadh;20/09/15;10373968;1630120;532728
10.159.188.105;20BBC0935500;SEP20BBC0935500;8712;jar42sccp.9-0-3TH1-22.sbn;tnp42.9-3-1-48.bin;SCCP42.9-0-3S;14.0;FCH17089JRU;CP-7942G;No;phone;Cisco Unified IP Phone 7942G, Global;CP-7942G;V12;FCH17089JRU;6:44:24p;Asia/Riyadh;20/09/15;7332512;2701580;465384
10.159.188.106;001BD4A01D25;SEP001BD4A01D25;8785;jar11sccp.9-0-3TH1-22.sbn;tnp11.3-0-1-23.bin;SCCP11.9-0-3S;5.1;FCH11178Y21;CP-7911G;No;phone;Cisco Unified IP Phone 7911G, Global;CP-7911G;V02;FCH11178Y21;6:44:26p;Asia/Riyadh;20/09/15;10955600;1712016;592328
10.159.188.107;001BD512D8E3;SEP001BD512D8E3;7886;jar11sccp.9-0-3TH1-22.sbn;tnp11.3-0-1-23.bin;SCCP11.9-0-3S;7.1;FCH11208BK6;CP-7911G;No;phone;Cisco Unified IP Phone 7911G, Global;CP-7911G;V03;FCH11208BK6;6:44:29p;Asia/Riyadh;20/09/15;10783568;1676032;566256
10.159.188.108;1C17D3406E57;SEP1C17D3406E57;7839;jar11sccp.9-0-3TH1-22.sbn;tnp11.3-0-1-33.bin;SCCP11.9-0-3S;8.2;FCH14178CX0;CP-7911G;No;phone;Cisco Unified IP Phone 7911G, Global;CP-7911G;V08;FCH14178CX0;6:44:31p;Asia/Riyadh;20/09/15;10947408;1745848;584456
10.159.188.109;00270DBFD4AB;SEP00270DBFD4AB;8736;jar11sccp.9-0-3TH1-22.sbn;tnp11.3-0-1-33.bin;SCCP11.9-0-3S;8.2;FCH134380TZ;CP-7911G;No;phone;Cisco Unified IP Phone 7911G, Global;CP-7911G;V08;FCH134380TZ;6:44:25p;Asia/Riyadh;20/09/15;10955600;1701304;592744
10.159.188.110;001BD49FF539;SEP001BD49FF539;8761;jar11sccp.9-0-3TH1-22.sbn;tnp11.3-0-1-23.bin;SCCP11.9-0-3S;5.1;FCH11178P7E;CP-7911G;No;phone;Cisco Unified IP Phone 7911G, Global;CP-7911G;V02;FCH11178P7E;6:44:31p;Asia/Riyadh;20/09/15;10963792;1715332;612840
10.159.188.111;001BD47E0838;SEP001BD47E0838;8795;jar11sccp.9-0-3TH1-22.sbn;tnp11.3-0-1-23.bin;SCCP11.9-0-3S;5.1;FCH11178JBR;CP-7911G;No;phone;Cisco Unified IP Phone 7911G, Global;CP-7911G;V02;FCH11178JBR;6:44:30p;Asia/Riyadh;20/09/15;10771280;1664152;548592
10.159.188.112;001BD512D704;SEP001BD512D704;8529;jar11sccp.9-0-3TH1-22.sbn;tnp11.3-0-1-23.bin;SCCP11.9-0-3S;7.1;FCH11208B53;CP-7911G;No;phone;Cisco Unified IP Phone 7911G, Global;CP-7911G;V03;FCH11208B53;6:44:33p;Asia/Riyadh;20/09/15;10824528;1683612;600952
10.159.188.113;001BD512D7AC;SEP001BD512D7AC;8789;jar11sccp.9-0-3TH1-22.sbn;tnp11.3-0-1-23.bin;SCCP11.9-0-3S;7.1;FCH11208BA1;CP-7911G;No;phone;Cisco Unified IP Phone 7911G, Global;CP-7911G;V03;FCH11208BA1;6:44:29p;Asia/Riyadh;20/09/15;10836816;1673368;555144
10.159.188.114;00270DBEDAED;SEP00270DBEDAED;8729;jar11sccp.9-0-3TH1-22.sbn;tnp11.3-0-1-33.bin;SCCP11.9-0-3S;8.2;FCH13428W5P;CP-7911G;No;phone;Cisco Unified IP Phone 7911G, Global;CP-7911G;V08;FCH13428W5P;6:44:27p;Asia/Riyadh;20/09/15;10660688;1757120;524440
10.159.188.115;2893FEA2EF9F;SEP2893FEA2EF9F;8749;jar42sccp.9-0-3TH1-22.sbn;tnp42.8-3-1-21a.bin;SCCP42.9-0-3S;11.0;FCH1414A211;CP-7942G;No;phone;Cisco Unified IP Phone 7942G, Global;CP-7942G;V06;FCH1414A211;6:44:28p;Asia/Riyadh;20/09/15;7299744;2702400;469032
10.159.188.116;3037A617CF1A;SEP3037A617CF1A;8713;jar42sccp.9-0-3TH1-22.sbn;tnp62.8-3-1-21a.bin;SCCP42.9-0-3S;11.0;FCH14088E8E;CP-7962G;Yes;phone;Cisco Unified IP Phone 7962G, Global;CP-7962G;V06;FCH14088E8E;6:44:35p;Asia/Riyadh;20/09/15;7295648;2651484;466768
10.159.188.117;2C3F38C9FF0E;SEP2C3F38C9FF0E;7862;jar11sccp.9-0-3TH1-22.sbn;tnp11.3-0-1-33.bin;SCCP11.9-0-3S;9.1;FCH154284AY;CP-7911G;No;phone;Cisco Unified IP Phone 7911G, Global;CP-7911G;V09;FCH154284AY;6:44:27p;Asia/Riyadh;20/09/15;10771280;1710056;559104
10.159.188.118;001BD512D5B1;SEP001BD512D5B1;8715;jar11sccp.9-0-3TH1-22.sbn;tnp11.3-0-1-23.bin;SCCP11.9-0-3S;7.1;FCH11208AV4;CP-7911G;No;phone;Cisco Unified IP Phone 7911G, Global;CP-7911G;V03;FCH11208AV4;6:44:38p;Asia/Riyadh;20/09/15;10963792;1662076;602368
10.159.188.119;001BD4A061DC;SEP001BD4A061DC;8738;jar11sccp.9-0-3TH1-22.sbn;tnp11.3-0-1-23.bin;SCCP11.9-0-3S;5.1;FCH11179GRT;CP-7911G;Yes;phone;Cisco Unified IP Phone 7911G, Global;CP-7911G;V02;FCH11179GRT;6:44:34p;Asia/Riyadh;20/09/15;10926928;1697908;582248
10.159.188.120;001BD4A02DEA;SEP001BD4A02DEA;7814;jar11sccp.9-0-3TH1-22.sbn;tnp11.3-0-1-23.bin;SCCP11.9-0-3S;5.1;FCH111791SB;CP-7911G;No;phone;Cisco Unified IP Phone 7911G, Global;CP-7911G;V02;FCH111791SB;6:44:30p;Asia/Riyadh;20/09/15;10939216;1734960;601048
10.159.188.122;001BD512D813;SEP001BD512D813;8779;jar11sccp.9-0-3TH1-22.sbn;tnp11.3-0-1-23.bin;SCCP11.9-0-3S;7.1;FCH11208BD2;CP-7911G;No;phone;Cisco Unified IP Phone 7911G, Global;CP-7911G;V03;FCH11208BD2;6:44:38p;Asia/Riyadh;20/09/15;10787664;1652904;538440
10.159.188.123;1C17D337C7E7;SEP1C17D337C7E7;7835;jar11sccp.9-0-3TH1-22.sbn;tnp11.3-0-1-33.bin;SCCP11.9-0-3S;8.2;FCH1416A78J;CP-7911G;No;phone;Cisco Unified IP Phone 7911G, Global;CP-7911G;V08;FCH1416A78J;6:44:33p;Asia/Riyadh;20/09/15;10816336;1723524;598680
10.159.188.124;001BD512D6CF;SEP001BD512D6CF;8741;jar11sccp.9-0-3TH1-22.sbn;tnp11.3-0-1-23.bin;SCCP11.9-0-3S;7.1;FCH11208B3J;CP-7911G;No;phone;Cisco Unified IP Phone 7911G, Global;CP-7911G;V03;FCH11208B3J;6:44:38p;Asia/Riyadh;20/09/15;10791760;1713036;592776
10.159.188.125;00270DBFD473;SEP00270DBFD473;7824;jar11sccp.9-0-3TH1-22.sbn;tnp11.3-0-1-33.bin;SCCP11.9-0-3S;8.2;FCH134380SB;CP-7911G;No;phone;Cisco Unified IP Phone 7911G, Global;CP-7911G;V08;FCH134380SB;6:44:40p;Asia/Riyadh;20/09/15;10963792;1711608;612088
10.159.188.126;001BD512D7BB;SEP001BD512D7BB;8742;jar11sccp.9-0-3TH1-22.sbn;tnp11.3-0-1-23.bin;SCCP11.9-0-3S;7.1;FCH11208BAG;CP-7911G;No;phone;Cisco Unified IP Phone 7911G, Global;CP-7911G;V03;FCH11208BAG;6:44:39p;Asia/Riyadh;20/09/15;10955600;1705480;601472
10.159.188.127;8CB64FF61136;SEP8CB64FF61136;8739;jar11sccp.9-0-3TH1-22.sbn;tnp11.3-0-1-33.bin;SCCP11.9-0-3S;9.1;FCH15018AQT;CP-7911G;No;phone;Cisco Unified IP Phone 7911G, Global;CP-7911G;V09;FCH15018AQT;6:44:40p;Asia/Riyadh;20/09/15;10718032;1595092;546264
10.159.188.128;24B65745969C;SEP24B65745969C;7818;jar11sccp.9-0-3TH1-22.sbn;tnp11.3-0-1-33.bin;SCCP11.9-0-3S;9.1;FCH1542AV8G;CP-7911G;No;phone;Cisco Unified IP Phone 7911G, Global;CP-7911G;V09;FCH1542AV8G;6:44:42p;Asia/Riyadh;20/09/15;10955600;1709876;601128
10.159.188.129;001BD512D900;SEP001BD512D900;7803;jar11sccp.9-0-3TH1-22.sbn;tnp11.3-0-1-23.bin;SCCP11.9-0-3S;7.1;FCH11208BL1;CP-7911G;No;phone;Cisco Unified IP Phone 7911G, Global;CP-7911G;V03;FCH11208BL1;6:44:40p;Asia/Riyadh;20/09/15;10910544;1701552;599728
10.159.188.130;001BD512D852;SEP001BD512D852;7867;jar11sccp.9-0-3TH1-22.sbn;tnp11.3-0-1-23.bin;SCCP11.9-0-3S;7.1;FCH11208BEX;CP-7911G;No;phone;Cisco Unified IP Phone 7911G, Global;CP-7911G;V03;FCH11208BEX;6:44:39p;Asia/Riyadh;20/09/15;10656592;1612488;547032
10.159.188.131;001BD4A060BC;SEP001BD4A060BC;7885;jar11sccp.9-0-3TH1-22.sbn;tnp11.3-0-1-23.bin;SCCP11.9-0-3S;5.1;FCH11179GHB;CP-7911G;No;phone;Cisco Unified IP Phone 7911G, Global;CP-7911G;V02;FCH11179GHB;6:44:40p;Asia/Riyadh;20/09/15;10758992;1704080;612576
10.159.188.132;001BD4A01D27;SEP001BD4A01D27;8758;jar11sccp.9-0-3TH1-22.sbn;tnp11.3-0-1-23.bin;SCCP11.9-0-3S;5.1;FCH11178Y23;CP-7911G;No;phone;Cisco Unified IP Phone 7911G, Global;CP-7911G;V02;FCH11178Y23;6:44:39p;Asia/Riyadh;20/09/15;10947408;1744640;601768
10.159.188.133;88F077885CFD;SEP88F077885CFD;7893;jar11sccp.9-0-3TH1-22.sbn;tnp11.3-0-1-33.bin;SCCP11.9-0-3S;9.1;FCH15178L00;CP-7911G;No;phone;Cisco Unified IP Phone 7911G, Global;CP-7911G;V09;FCH15178L00;6:44:43p;Asia/Riyadh;20/09/15;10947408;1709696;599568
10.159.188.134;00270DBEDB2A;SEP00270DBEDB2A;8750;jar11sccp.9-0-3TH1-22.sbn;tnp11.3-0-1-33.bin;SCCP11.9-0-3S;8.2;FCH13428W7G;CP-7911G;No;phone;Cisco Unified IP Phone 7911G, Global;CP-7911G;V08;FCH13428W7G;6:44:39p;Asia/Riyadh;20/09/15;10869584;1707676;590896
10.159.188.135;1C17D337C7DF;SEP1C17D337C7DF;7836;jar11sccp.9-0-3TH1-22.sbn;tnp11.3-0-1-33.bin;SCCP11.9-0-3S;8.2;FCH1416A78A;CP-7911G;No;phone;Cisco Unified IP Phone 7911G, Global;CP-7911G;V08;FCH1416A78A;6:44:38p;Asia/Riyadh;20/09/15;10955600;1707908;602072
10.159.188.136;001BD512ED09;SEP001BD512ED09;8781;jar11sccp.9-0-3TH1-22.sbn;tnp11.3-0-1-23.bin;SCCP11.9-0-3S;7.1;FCH11208G0W;CP-7911G;No;phone;Cisco Unified IP Phone 7911G, Global;CP-7911G;V03;FCH11208G0W;6:44:44p;Asia/Riyadh;20/09/15;10955600;1704224;593120
10.159.188.137;1C17D3406FEB;SEP1C17D3406FEB;7819;jar11sccp.9-0-3TH1-22.sbn;tnp11.3-0-1-33.bin;SCCP11.9-0-3S;8.2;FCH14178D8W;CP-7911G;No;phone;Cisco Unified IP Phone 7911G, Global;CP-7911G;V08;FCH14178D8W;6:44:47p;Asia/Riyadh;20/09/15;10881872;1682872;594608
10.159.188.138;1C17D3406592;SEP1C17D3406592;7842;jar11sccp.9-0-3TH1-22.sbn;tnp11.3-0-1-33.bin;SCCP11.9-0-3S;8.2;FCH14178AYX;CP-7911G;No;phone;Cisco Unified IP Phone 7911G, Global;CP-7911G;V08;FCH14178AYX;6:44:45p;Asia/Riyadh;20/09/15;10988368;1710960;602184
10.159.188.139;1C17D34063E2;SEP1C17D34063E2;7831;jar11sccp.9-0-3TH1-22.sbn;tnp11.3-0-1-33.bin;SCCP11.9-0-3S;8.2;FCH14178AL5;CP-7911G;No;phone;Cisco Unified IP Phone 7911G, Global;CP-7911G;V08;FCH14178AL5;6:44:43p;Asia/Riyadh;20/09/15;10947408;1700124;592312
10.159.188.140;001BD4A01D73;SEP001BD4A01D73;8778;jar11sccp.9-0-3TH1-22.sbn;tnp11.3-0-1-23.bin;SCCP11.9-0-3S;5.1;FCH11178Y4B;CP-7911G;No;phone;Cisco Unified IP Phone 7911G, Global;CP-7911G;V02;FCH11178Y4B;6:44:43p;Asia/Riyadh;20/09/15;10963792;1784384;592984
10.159.188.141;1C17D340701D;SEP1C17D340701D;7898;jar11sccp.9-0-3TH1-22.sbn;tnp11.3-0-1-33.bin;SCCP11.9-0-3S;8.2;FCH14178DAC;CP-7911G;No;phone;Cisco Unified IP Phone 7911G, Global;CP-7911G;V08;FCH14178DAC;6:44:46p;Asia/Riyadh;20/09/15;10951504;1671808;583256
10.159.188.142;001BD49FF6EC;SEP001BD49FF6EC;7826;jar11sccp.9-0-3TH1-22.sbn;tnp11.3-0-1-23.bin;SCCP11.9-0-3S;5.1;FCH11178PL8;CP-7911G;No;phone;Cisco Unified IP Phone 7911G, Global;CP-7911G;V02;FCH11178PL8;6:44:47p;Asia/Riyadh;20/09/15;10955600;1710592;592936
10.159.188.143;001BD512E639;SEP001BD512E639;8757;jar11sccp.9-0-3TH1-22.sbn;tnp11.3-0-1-23.bin;SCCP11.9-0-3S;7.1;FCH11208EHL;CP-7911G;No;phone;Cisco Unified IP Phone 7911G, Global;CP-7911G;V03;FCH11208EHL;6:44:45p;Asia/Riyadh;20/09/15;10955600;1728368;601528
10.159.188.144;B4A4E3D73928;SEPB4A4E3D73928;7894;jar11sccp.9-0-3TH1-22.sbn;tnp11.3-0-1-33.bin;SCCP11.9-0-3S;9.1;FCH1438AK0M;CP-7911G;No;phone;Cisco Unified IP Phone 7911G, Global;CP-7911G;V09;FCH1438AK0M;6:44:50p;Asia/Riyadh;20/09/15;10951504;1674552;591672
10.159.188.145;001BD512D78D;SEP001BD512D78D;8792;jar11sccp.9-0-3TH1-22.sbn;tnp11.3-0-1-23.bin;SCCP11.9-0-3S;7.1;FCH11208B94;CP-7911G;No;phone;Cisco Unified IP Phone 7911G, Global;CP-7911G;V03;FCH11208B94;6:44:48p;Asia/Riyadh;20/09/15;10947408;1718132;600728
10.159.188.146;001BD512E8DE;SEP001BD512E8DE;7869;jar11sccp.9-0-3TH1-22.sbn;tnp11.3-0-1-23.bin;SCCP11.9-0-3S;7.1;FCH11208F3H;CP-7911G;No;phone;Cisco Unified IP Phone 7911G, Global;CP-7911G;V03;FCH11208F3H;6:44:44p;Asia/Riyadh;20/09/15;10963792;1661952;601888
10.159.188.148;081FF3632783;SEP081FF3632783;8744;jar42sccp.9-0-3TH1-22.sbn;tnp42.8-3-1-21a.bin;SCCP42.9-0-3S;11.0;FCH1411AGU2;CP-7942G;No;phone;Cisco Unified IP Phone 7942G, Global;CP-7942G;V06;FCH1411AGU2;6:45:05p;Asia/Riyadh;20/09/15;7324320;2687348;461632
10.159.188.149;001BD512D825;SEP001BD512D825;7881;jar11sccp.9-0-3TH1-22.sbn;tnp11.3-0-1-23.bin;SCCP11.9-0-3S;7.1;FCH11208BDL;CP-7911G;No;phone;Cisco Unified IP Phone 7911G, Global;CP-7911G;V03;FCH11208BDL;6:45:12p;Asia/Riyadh;20/09/15;10947408;1764732;601208
10.159.188.150;FCFBFB113616;SEPFCFBFB113616;8705;jar42sccp.9-0-3TH1-22.sbn;tnp42.8-3-1-21a.bin;SCCP42.9-0-3S;11.0;FCH140991A7;CP-7942G;No;phone;Cisco Unified IP Phone 7942G, Global;CP-7942G;V06;FCH140991A7;6:45:07p;Asia/Riyadh;20/09/15;7873184;2690864;134904
10.159.188.151;1C17D34060F5;SEP1C17D34060F5;7821;jar11sccp.9-0-3TH1-22.sbn;tnp11.3-0-1-33.bin;SCCP11.9-0-3S;8.2;FCH141789Y3;CP-7911G;No;phone;Cisco Unified IP Phone 7911G, Global;CP-7911G;V08;FCH141789Y3;6:45:12p;Asia/Riyadh;20/09/15;10914640;1709688;601368
10.159.188.152;001BD512D709;SEP001BD512D709;7864;jar11sccp.9-0-3TH1-22.sbn;tnp11.3-0-1-23.bin;SCCP11.9-0-3S;7.1;FCH11208B58;CP-7911G;No;phone;Cisco Unified IP Phone 7911G, Global;CP-7911G;V03;FCH11208B58;6:45:11p;Asia/Riyadh;20/09/15;10947408;1713188;601400
10.159.188.153;00270DBEDF36;SEP00270DBEDF36;8723;jar11sccp.9-0-3TH1-22.sbn;tnp11.3-0-1-33.bin;SCCP11.9-0-3S;8.2;FCH13428X3Y;CP-7911G;No;phone;Cisco Unified IP Phone 7911G, Global;CP-7911G;V08;FCH13428X3Y;6:45:04p;Asia/Riyadh;20/09/15;10996560;1702648;601944
10.159.188.154;00269942AB6C;SEP00269942AB6C;8774;jar11sccp.9-0-3TH1-22.sbn;tnp11.3-0-1-33.bin;SCCP11.9-0-3S;8.2;FCH13438S17;CP-7911G;No;phone;Cisco Unified IP Phone 7911G, Global;CP-7911G;V08;FCH13438S17;6:45:09p;Asia/Riyadh;20/09/15;10955600;1695696;592456
10.159.188.156;001BD4A01D38;SEP001BD4A01D38;7892;jar11sccp.9-0-3TH1-22.sbn;tnp11.3-0-1-23.bin;SCCP11.9-0-3S;5.1;FCH11178Y2L;CP-7911G;No;phone;Cisco Unified IP Phone 7911G, Global;CP-7911G;V02;FCH11178Y2L;6:45:13p;Asia/Riyadh;20/09/15;10914640;1726076;584296
10.159.188.157;04C5A4B08E64;SEP04C5A4B08E64;8478;jar11sccp.9-0-2ES2.sbn;tnp11.3-0-1-33.bin;SCCP11.9-0-2SR1S;9.1;FCH1508C7MV;CP-7911G;No;phone;Cisco Unified IP Phone 7911G, Global;CP-7911G;V09;FCH1508C7MV;6:45:12p;Saudi Arabia Standard Time;20/09/15;12286848;1719708;146296
10.159.188.158;1C17D3406ED6;SEP1C17D3406ED6;7834;jar11sccp.9-0-3TH1-22.sbn;tnp11.3-0-1-33.bin;SCCP11.9-0-3S;8.2;FCH14178D0R;CP-7911G;No;phone;Cisco Unified IP Phone 7911G, Global;CP-7911G;V08;FCH14178D0R;6:45:20p;Asia/Riyadh;20/09/15;10931024;1718692;600840
10.159.188.159;001BD4A060AE;SEP001BD4A060AE;7841;jar11sccp.9-0-3TH1-22.sbn;tnp11.3-0-1-23.bin;SCCP11.9-0-3S;5.1;FCH11179GGX;CP-7911G;No;phone;Cisco Unified IP Phone 7911G, Global;CP-7911G;V02;FCH11179GGX;6:45:18p;Asia/Riyadh;20/09/15;10902352;1646476;591792
10.159.188.160;1C17D34061AF;SEP1C17D34061AF;8740;jar11sccp.9-0-3TH1-22.sbn;tnp11.3-0-1-33.bin;SCCP11.9-0-3S;8.2;FCH14178A3K;CP-7911G;No;phone;Cisco Unified IP Phone 7911G, Global;CP-7911G;V08;FCH14178A3K;6:45:14p;Asia/Riyadh;20/09/15;10939216;1716376;601264
10.159.188.161;001BD4A05D30;SEP001BD4A05D30;7807;jar11sccp.9-0-3TH1-22.sbn;tnp11.3-0-1-23.bin;SCCP11.9-0-3S;5.1;FCH11179FQM;CP-7911G;No;phone;Cisco Unified IP Phone 7911G, Global;CP-7911G;V02;FCH11179FQM;6:45:16p;Asia/Riyadh;20/09/15;10939216;1662840;599280
10.159.188.162;2893FEA365E7;SEP2893FEA365E7;8766;jar42sccp.9-0-3TH1-22.sbn;tnp42.8-3-1-21a.bin;SCCP42.9-0-3S;11.0;FCH14158L68;CP-7942G;No;phone;Cisco Unified IP Phone 7942G, Global;CP-7942G;V06;FCH14158L68;6:45:20p;Asia/Riyadh;20/09/15;7340704;2667324;468312
10.159.188.163;001BD512D7BC;SEP001BD512D7BC;7875;jar11sccp.9-0-3TH1-22.sbn;tnp11.3-0-1-23.bin;SCCP11.9-0-3S;7.1;FCH11208BAH;CP-7911G;No;phone;Cisco Unified IP Phone 7911G, Global;CP-7911G;V03;FCH11208BAH;6:45:20p;Asia/Riyadh;20/09/15;10656592;1711256;546200
10.159.188.164;001BD512D71A;SEP001BD512D71A;7827;jar11sccp.9-0-3TH1-22.sbn;tnp11.3-0-1-23.bin;SCCP11.9-0-3S;7.1;FCH11208B5R;CP-7911G;No;phone;Cisco Unified IP Phone 7911G, Global;CP-7911G;V03;FCH11208B5R;6:45:21p;Asia/Riyadh;20/09/15;10955600;1695220;601232
10.159.188.165;1C17D3406ED1;SEP1C17D3406ED1;7840;jar11sccp.9-0-3TH1-22.sbn;tnp11.3-0-1-33.bin;SCCP11.9-0-3S;8.2;FCH14178D0L;CP-7911G;No;phone;Cisco Unified IP Phone 7911G, Global;CP-7911G;V08;FCH14178D0L;6:45:21p;Asia/Riyadh;20/09/15;10947408;1707716;601224
10.159.188.166;001BD4A06008;SEP001BD4A06008;8794;jar11sccp.9-0-3TH1-22.sbn;tnp11.3-0-1-23.bin;SCCP11.9-0-3S;5.1;FCH11179GC1;CP-7911G;No;phone;Cisco Unified IP Phone 7911G, Global;CP-7911G;V02;FCH11179GC1;6:45:17p;Asia/Riyadh;20/09/15;10963792;1694324;601200
10.159.188.167;001BD512E931;SEP001BD512E931;7808;jar11sccp.9-0-3TH1-22.sbn;tnp11.3-0-1-23.bin;SCCP11.9-0-3S;7.1;FCH11208F5Y;CP-7911G;No;phone;Cisco Unified IP Phone 7911G, Global;CP-7911G;V03;FCH11208F5Y;6:45:23p;Asia/Riyadh;20/09/15;10947408;1703820;592320
10.159.188.168;FCFBFB11350C;SEPFCFBFB11350C;7825;jar42sccp.9-0-3TH1-22.sbn;tnp42.8-3-1-21a.bin;SCCP42.9-0-3S;11.0;FCH1409912D;CP-7942G;No;phone;Cisco Unified IP Phone 7942G, Global;CP-7942G;V06;FCH1409912D;6:45:23p;Asia/Riyadh;20/09/15;7320224;2689448;466888
10.159.188.169;001BD4A02FBC;SEP001BD4A02FBC;7813;jar11sccp.9-0-3TH1-22.sbn;tnp11.3-0-1-23.bin;SCCP11.9-0-3S;5.1;FCH11179261;CP-7911G;No;phone;Cisco Unified IP Phone 7911G, Global;CP-7911G;V02;FCH11179261;6:45:17p;Asia/Riyadh;20/09/15;10947408;1710540;592736
10.159.188.170;00269942AD6E;SEP00269942AD6E;8733;jar11sccp.9-0-3TH1-22.sbn;tnp11.3-0-1-33.bin;SCCP11.9-0-3S;8.2;FCH13438SGC;CP-7911G;No;phone;Cisco Unified IP Phone 7911G, Global;CP-7911G;V08;FCH13438SGC;6:45:21p;Asia/Riyadh;20/09/15;10947408;1703536;601048
10.159.188.171;3037A617AF7E;SEP3037A617AF7E;7811;jar42sccp.9-0-3TH1-22.sbn;tnp62.8-3-1-21a.bin;SCCP42.9-0-3S;11.0;FCH14088789;CP-7962G;No;phone;Cisco Unified IP Phone 7962G, Global;CP-7962G;V06;FCH14088789;6:45:16p;Asia/Riyadh;20/09/15;7324320;2700440;460880
10.159.188.172;00270DBEDC8E;SEP00270DBEDC8E;8721;jar11sccp.9-0-3TH1-22.sbn;tnp11.3-0-1-33.bin;SCCP11.9-0-3S;8.2;FCH13428WHY;CP-7911G;No;phone;Cisco Unified IP Phone 7911G, Global;CP-7911G;V08;FCH13428WHY;6:45:22p;Asia/Riyadh;20/09/15;10963792;1730140;600776
10.159.188.173;3037A617D337;SEP3037A617D337;8763;jar42sccp.9-0-3TH1-22.sbn;tnp62.8-3-1-21a.bin;SCCP42.9-0-3S;11.0;FCH14088F5E;CP-7962G;No;phone;Cisco Unified IP Phone 7962G, Global;CP-7962G;V06;FCH14088F5E;6:45:23p;Asia/Riyadh;20/09/15;7332512;2674460;469160
10.159.188.174;8CB64FF66341;SEP8CB64FF66341;8798;jar11sccp.9-0-3TH1-22.sbn;tnp11.3-0-1-33.bin;SCCP11.9-0-3S;9.1;FCH15028H8C;CP-7911G;No;phone;Cisco Unified IP Phone 7911G, Global;CP-7911G;V09;FCH15028H8C;6:45:28p;Asia/Riyadh;20/09/15;10677072;1687264;554160
10.159.188.176;00270DBFD205;SEP00270DBFD205;8500;jar11sccp.9-0-3TH1-22.sbn;tnp11.3-0-1-33.bin;SCCP11.9-0-3S;8.2;FCH13438081;CP-7911G;No;phone;Cisco Unified IP Phone 7911G, Global;CP-7911G;V08;FCH13438081;6:45:28p;Asia/Riyadh;20/09/15;10955600;1703288;592872
10.159.188.177;3037A6172104;SEP3037A6172104;7833;jar42sccp.9-0-3TH1-22.sbn;tnp62.8-3-1-21a.bin;SCCP42.9-0-3S;11.0;FCH14078H4R;CP-7962G;No;phone;Cisco Unified IP Phone 7962G, Global;CP-7962G;V06;FCH14078H4R;6:45:22p;Asia/Riyadh;20/09/15;7131808;2707688;469336
10.159.188.178;1C17D340718E;SEP1C17D340718E;7822;jar11sccp.9-0-3TH1-22.sbn;tnp11.3-0-1-33.bin;SCCP11.9-0-3S;8.2;FCH14178DM7;CP-7911G;No;phone;Cisco Unified IP Phone 7911G, Global;CP-7911G;V08;FCH14178DM7;6:45:28p;Asia/Riyadh;20/09/15;10935120;1721652;590832
10.159.188.179;1C17D34060A9;SEP1C17D34060A9;7823;jar11sccp.9-0-3TH1-22.sbn;tnp11.3-0-1-33.bin;SCCP11.9-0-3S;8.2;FCH141789VV;CP-7911G;No;phone;Cisco Unified IP Phone 7911G, Global;CP-7911G;V08;FCH141789VV;6:45:27p;Asia/Riyadh;20/09/15;10931024;1722196;600744
10.159.188.180;001BD4A01DAD;SEP001BD4A01DAD;8793;jar11sccp.9-0-3TH1-22.sbn;tnp11.3-0-1-23.bin;SCCP11.9-0-3S;5.1;FCH11178Y61;CP-7911G;No;phone;Cisco Unified IP Phone 7911G, Global;CP-7911G;V02;FCH11178Y61;6:45:23p;Asia/Riyadh;20/09/15;10726224;1643632;546216
10.159.188.181;20BBC09221AF;SEP20BBC09221AF;8527;jar42sccp.9-0-3TH1-22.sbn;tnp42.9-3-1-48.bin;SCCP42.9-0-3S;14.0;FCH170684WE;CP-7942G;No;phone;Cisco Unified IP Phone 7942G, Global;CP-7942G;V12;FCH170684WE;6:45:23p;Asia/Riyadh;20/09/15;7840416;2706348;123768
10.159.188.182;D824BDBBEAA4;SEPD824BDBBEAA4;8743;jar75sccp.9-0-3TH1-22.sbn;tnp75.8-3-4-16BN01.bin;SCCP75.9-0-3S;11.0;FCH1551ASKL;CP-7975G;Yes;phone;Cisco Unified IP Phone 7975G, Global, Gig Ethernet, Color;CP-7975G;V12;FCH1551ASKL;6:45:28p;Asia/Riyadh;20/09/15;5563040;2686940;262136
10.159.188.183;1C17D34065EC;SEP1C17D34065EC;7832;jar11sccp.9-0-3TH1-22.sbn;tnp11.3-0-1-33.bin;SCCP11.9-0-3S;8.2;FCH14178B1K;CP-7911G;No;phone;Cisco Unified IP Phone 7911G, Global;CP-7911G;V08;FCH14178B1K;6:45:28p;Asia/Riyadh;20/09/15;10890064;1699152;599768
10.159.188.184;1C17D34066A4;SEP1C17D34066A4;7857;jar11sccp.9-0-3TH1-22.sbn;tnp11.3-0-1-33.bin;SCCP11.9-0-3S;8.2;FCH14178B6Z;CP-7911G;No;phone;Cisco Unified IP Phone 7911G, Global;CP-7911G;V08;FCH14178B6Z;6:45:32p;Asia/Riyadh;20/09/15;10971984;1703748;593104
10.159.188.185;001BD4A060A5;SEP001BD4A060A5;8751;jar11sccp.9-0-3TH1-22.sbn;tnp11.3-0-1-23.bin;SCCP11.9-0-3S;5.1;FCH11179GGN;CP-7911G;No;phone;Cisco Unified IP Phone 7911G, Global;CP-7911G;V02;FCH11179GGN;6:45:28p;Asia/Riyadh;20/09/15;10890064;1821656;612304
10.159.188.186;001BD584F6FC;SEP001BD584F6FC;8524;jar11sccp.9-0-3TH1-22.sbn;tnp11.3-0-1-23.bin;SCCP11.9-0-3S;7.1;FCH11229CFW;CP-7911G;No;phone;Cisco Unified IP Phone 7911G, Global;CP-7911G;V03;FCH11229CFW;6:45:33p;Asia/Riyadh;20/09/15;10959696;1789204;578776
10.159.188.187;001BD4A024CD;SEP001BD4A024CD;7884;jar11sccp.9-0-3TH1-22.sbn;tnp11.3-0-1-23.bin;SCCP11.9-0-3S;5.1;FCH11178ZRP;CP-7911G;No;phone;Cisco Unified IP Phone 7911G, Global;CP-7911G;V02;FCH11178ZRP;6:45:24p;Asia/Riyadh;20/09/15;10787664;1608440;545032
10.159.188.188;A45630BA672D;SEPA45630BA672D;8706;jar75sccp.9-0-3TH1-22.sbn;tnp75.8-3-4-16BN01.bin;SCCP75.9-0-3S;11.0;FCH160488UH;CP-7975G;No;phone;Cisco Unified IP Phone 7975G, Global, Gig Ethernet, Color;CP-7975G;V12;FCH160488UH;6:45:27p;Asia/Riyadh;20/09/15;5677728;2671580;265864
10.159.188.189;001BD4A060A3;SEP001BD4A060A3;7883;jar11sccp.9-0-3TH1-22.sbn;tnp11.3-0-1-23.bin;SCCP11.9-0-3S;5.1;FCH11179GGL;CP-7911G;No;phone;Cisco Unified IP Phone 7911G, Global;CP-7911G;V02;FCH11179GGL;6:45:27p;Asia/Riyadh;20/09/15;10939216;1723308;591952
10.159.188.190;001BD512D6E8;SEP001BD512D6E8;7838;jar11sccp.9-0-3TH1-22.sbn;tnp11.3-0-1-23.bin;SCCP11.9-0-3S;7.1;FCH11208B49;CP-7911G;No;phone;Cisco Unified IP Phone 7911G, Global;CP-7911G;V03;FCH11208B49;6:45:34p;Asia/Riyadh;20/09/15;10926928;1657188;591960
10.159.188.191;00270DBEDC60;SEP00270DBEDC60;8734;jar11sccp.9-0-3TH1-22.sbn;tnp11.3-0-1-33.bin;SCCP11.9-0-3S;8.2;FCH13428WGL;CP-7911G;No;phone;Cisco Unified IP Phone 7911G, Global;CP-7911G;V08;FCH13428WGL;6:45:34p;Asia/Riyadh;20/09/15;10947408;1729412;604088
10.159.188.192;00270DBEDB1E;SEP00270DBEDB1E;8731;jar11sccp.9-0-3TH1-22.sbn;tnp11.3-0-1-33.bin;SCCP11.9-0-3S;8.2;FCH13428W74;CP-7911G;No;phone;Cisco Unified IP Phone 7911G, Global;CP-7911G;V08;FCH13428W74;6:45:33p;Asia/Riyadh;20/09/15;10939216;1702560;600784
10.159.188.193;001BD4A01D3E;SEP001BD4A01D3E;7816;jar11sccp.9-0-3TH1-22.sbn;tnp11.3-0-1-23.bin;SCCP11.9-0-3S;5.1;FCH11178Y2S;CP-7911G;No;phone;Cisco Unified IP Phone 7911G, Global;CP-7911G;V02;FCH11178Y2S;6:45:34p;Asia/Riyadh;20/09/15;10783568;1716656;601528
10.159.188.194;001BD5E82215;SEP001BD5E82215;8525;jar11sccp.9-0-3TH1-22.sbn;tnp11.3-0-1-23.bin;SCCP11.9-0-3S;7.1;FCH11238KV4;CP-7911G;No;phone;Cisco Unified IP Phone 7911G, Global;CP-7911G;V03;FCH11238KV4;6:45:36p;Asia/Riyadh;20/09/15;10939216;1709300;612168
10.159.188.195;24B65745962A;SEP24B65745962A;7845;jar11sccp.9-0-3TH1-22.sbn;tnp11.3-0-1-33.bin;SCCP11.9-0-3S;9.1;FCH1542AV54;CP-7911G;No;phone;Cisco Unified IP Phone 7911G, Global;CP-7911G;V09;FCH1542AV54;6:45:29p;Asia/Riyadh;20/09/15;10955600;1694396;601384
10.159.188.196;001BD512D7A3;SEP001BD512D7A3;7817;jar11sccp.9-0-3TH1-22.sbn;tnp11.3-0-1-23.bin;SCCP11.9-0-3S;7.1;FCH11208B9S;CP-7911G;No;phone;Cisco Unified IP Phone 7911G, Global;CP-7911G;V03;FCH11208B9S;6:45:30p;Asia/Riyadh;20/09/15;11676496;1915268;94928
10.159.188.197;00270DC019A6;SEP00270DC019A6;8777;jar42sccp.9-0-3TH1-22.sbn;tnp62.8-3-1-21a.bin;SCCP42.9-0-3S;11.0;FCH13438G3Q;CP-7962G;No;phone;Cisco Unified IP Phone 7962G, Global;CP-7962G;V06;FCH13438G3Q;6:45:33p;Asia/Riyadh;20/09/15;7176864;2611656;442248
10.159.188.198;001BD4A05D1A;SEP001BD4A05D1A;7872;jar11sccp.9-0-3TH1-22.sbn;tnp11.3-0-1-23.bin;SCCP11.9-0-3S;5.1;FCH11179FPZ;CP-7911G;No;phone;Cisco Unified IP Phone 7911G, Global;CP-7911G;V02;FCH11179FPZ;6:45:34p;Asia/Riyadh;20/09/15;10963792;1712320;600824
10.159.188.199;00270DBEDCF6;SEP00270DBEDCF6;8726;jar11sccp.9-0-3TH1-22.sbn;tnp11.3-0-1-33.bin;SCCP11.9-0-3S;8.2;FCH13428WM0;CP-7911G;No;phone;Cisco Unified IP Phone 7911G, Global;CP-7911G;V08;FCH13428WM0;6:45:39p;Asia/Riyadh;20/09/15;10955600;1694700;601496
10.159.188.200;3037A61714BF;SEP3037A61714BF;8514;jar42sccp.9-0-3TH1-22.sbn;tnp62.8-3-1-21a.bin;SCCP42.9-0-3S;11.0;FCH14078EE5;CP-7962G;No;phone;Cisco Unified IP Phone 7962G, Global;CP-7962G;V06;FCH14078EE5;6:45:38p;Asia/Riyadh;20/09/15;7332512;2626668;469720
10.159.188.201;8478ACE7D9A9;SEP8478ACE7D9A9;8754;jar42sccp.9-0-3TH1-22.sbn;tnp42.9-3-1-48.bin;SCCP42.9-0-3S;14.0;FCH164987YP;CP-7942G;No;phone;Cisco Unified IP Phone 7942G, Global;CP-7942G;V12;FCH164987YP;6:45:38p;Asia/Riyadh;20/09/15;7324320;2693768;456088
10.159.188.202;00270DBEE2B4;SEP00270DBEE2B4;8745;jar11sccp.9-0-3TH1-22.sbn;tnp11.3-0-1-33.bin;SCCP11.9-0-3S;8.2;FCH13428XW8;CP-7911G;Yes;phone;Cisco Unified IP Phone 7911G, Global;CP-7911G;V08;FCH13428XW8;6:45:40p;Asia/Riyadh;20/09/15;10955600;1721952;601120
10.159.188.203;E840400D39AC;SEPE840400D39AC;8515;jar11sccp.9-0-3TH1-22.sbn;tnp11.3-0-1-33.bin;SCCP11.9-0-3S;9.1;FCH15129JRZ;CP-7911G;No;phone;Cisco Unified IP Phone 7911G, Global;CP-7911G;V09;FCH15129JRZ;6:45:38p;Asia/Riyadh;20/09/15;10951504;1682540;583608
10.159.188.204;20BBC09354F5;SEP20BBC09354F5;7896;jar42sccp.9-0-3TH1-22.sbn;tnp42.9-3-1-48.bin;SCCP42.9-0-3S;14.0;FCH17089JRH;CP-7942G;No;phone;Cisco Unified IP Phone 7942G, Global;CP-7942G;V12;FCH17089JRH;6:45:34p;Asia/Riyadh;20/09/15;7340704;2751424;448944
10.159.188.205;1CAA0711872B;SEP1CAA0711872B;8518;jar11sccp.9-0-3TH1-22.sbn;tnp11.3-0-1-33.bin;SCCP11.9-0-3S;9.1;FCH15158KQN;CP-7911G;No;phone;Cisco Unified IP Phone 7911G, Global;CP-7911G;V09;FCH15158KQN;6:45:37p;Asia/Riyadh;20/09/15;10873680;1706860;612352
10.159.188.206;1C17D34061D5;SEP1C17D34061D5;7801;jar11sccp.9-0-3TH1-22.sbn;tnp11.3-0-1-33.bin;SCCP11.9-0-3S;8.2;FCH14178A4P;CP-7911G;No;phone;Cisco Unified IP Phone 7911G, Global;CP-7911G;V08;FCH14178A4P;6:45:43p;Asia/Riyadh;20/09/15;10881872;1728032;612192
10.159.188.207;001BD4A060F1;SEP001BD4A060F1;7873;jar11sccp.9-0-3TH1-22.sbn;tnp11.3-0-1-23.bin;SCCP11.9-0-3S;5.1;FCH11179GJW;CP-7911G;No;phone;Cisco Unified IP Phone 7911G, Global;CP-7911G;V02;FCH11179GJW;6:45:44p;Asia/Riyadh;20/09/15;10947408;1641608;592992
10.159.188.208;001BD49FF5C2;SEP001BD49FF5C2;8752;jar11sccp.9-0-3TH1-22.sbn;tnp11.3-0-1-23.bin;SCCP11.9-0-3S;5.1;FCH11178PBG;CP-7911G;No;phone;Cisco Unified IP Phone 7911G, Global;CP-7911G;V02;FCH11178PBG;6:45:44p;Asia/Riyadh;20/09/15;10931024;1705608;599728
10.159.188.210;1CAA07115244;SEP1CAA07115244;7852;jar11sccp.9-0-3TH1-22.sbn;tnp11.3-0-1-33.bin;SCCP11.9-0-3S;9.1;FCH151587ZW;CP-7911G;No;phone;Cisco Unified IP Phone 7911G, Global;CP-7911G;V09;FCH151587ZW;6:45:44p;Asia/Riyadh;20/09/15;10955600;1695876;601584
10.159.188.211;1CAA07114E5C;SEP1CAA07114E5C;8526;jar11sccp.9-0-3TH1-22.sbn;tnp11.3-0-1-33.bin;SCCP11.9-0-3S;9.1;FCH1515874G;CP-7911G;No;phone;Cisco Unified IP Phone 7911G, Global;CP-7911G;V09;FCH1515874G;6:45:45p;Asia/Riyadh;20/09/15;10914640;1704172;592128
10.159.188.212;CCD539D656CD;SEPCCD539D656CD;8528;jar42sccp.9-0-3TH1-22.sbn;tnp42.9-3-1-48.bin;SCCP42.9-0-3S;14.0;FCH164991PG;CP-7942G;No;phone;Cisco Unified IP Phone 7942G, Global;CP-7942G;V12;FCH164991PG;6:45:39p;Asia/Riyadh;20/09/15;7242400;2628764;599792
10.159.188.213;00270DBEDA13;SEP00270DBEDA13;7830;jar11sccp.9-0-3TH1-22.sbn;tnp11.3-0-1-33.bin;SCCP11.9-0-3S;8.2;FCH13428VZ9;CP-7911G;No;phone;Cisco Unified IP Phone 7911G, Global;CP-7911G;V08;FCH13428VZ9;6:45:41p;Asia/Riyadh;20/09/15;10955600;1697508;592504
10.159.188.214;FCFBFB116A4E;SEPFCFBFB116A4E;8477;jar42sccp.9-0-2ES2.sbn;tnp62.8-3-1-21a.bin;SCCP42.9-0-2SR1S;11.0;FCH14099CVL;CP-7962G;No;phone;Cisco Unified IP Phone 7962G, Global;CP-7962G;V06;FCH14099CVL;6:45:47p;Saudi Arabia Standard Time;20/09/15;8659616;2669392;189776
10.159.188.215;1CAA07118715;SEP1CAA07118715;8797;jar11sccp.9-0-3TH1-22.sbn;tnp11.3-0-1-33.bin;SCCP11.9-0-3S;9.1;FCH15158KQ0;CP-7911G;No;phone;Cisco Unified IP Phone 7911G, Global;CP-7911G;V09;FCH15158KQ0;6:45:45p;Asia/Riyadh;20/09/15;10971984;1719936;602008
10.159.188.216;B4A4E3D788D0;SEPB4A4E3D788D0;7855;jar11sccp.9-0-3TH1-22.sbn;tnp11.3-0-1-33.bin;SCCP11.9-0-3S;9.1;FCH1438B2QH;CP-7911G;No;phone;Cisco Unified IP Phone 7911G, Global;CP-7911G;V09;FCH1438B2QH;6:45:47p;Asia/Riyadh;20/09/15;10562384;1707464;590728
10.159.188.218;00269942AD41;SEP00269942AD41;8768;jar11sccp.9-0-3TH1-22.sbn;tnp11.3-0-1-33.bin;SCCP11.9-0-3S;8.2;FCH13438SF1;CP-7911G;No;phone;Cisco Unified IP Phone 7911G, Global;CP-7911G;V08;FCH13438SF1;6:45:48p;Asia/Riyadh;20/09/15;10955600;1890876;600904
10.159.188.219;E840400D347E;SEPE840400D347E;8446;jar11sccp.9-0-2ES2.sbn;tnp11.3-0-1-33.bin;SCCP11.9-0-2SR1S;9.1;FCH15129HLY;CP-7911G;No;phone;Cisco Unified IP Phone 7911G, Global;CP-7911G;V09;FCH15129HLY;6:45:45p;Saudi Arabia Standard Time;20/09/15;12282752;1715024;135504
10.159.188.220;E840400D2A51;SEPE840400D2A51;8523;jar11sccp.9-0-3TH1-22.sbn;tnp11.3-0-1-33.bin;SCCP11.9-0-3S;9.1;FCH15129FC6;CP-7911G;No;phone;Cisco Unified IP Phone 7911G, Global;CP-7911G;V09;FCH15129FC6;6:45:48p;Asia/Riyadh;20/09/15;10857296;1785220;608064
10.159.188.221;1C17D340664B;SEP1C17D340664B;8536;jar11sccp.9-0-3TH1-22.sbn;tnp11.3-0-1-33.bin;SCCP11.9-0-3S;8.2;FCH14178B4C;CP-7911G;No;phone;Cisco Unified IP Phone 7911G, Global;CP-7911G;V08;FCH14178B4C;6:45:40p;Asia/Riyadh;20/09/15;10963792;1682756;603320
10.159.188.222;1CAA071151ED;SEP1CAA071151ED;7851;jar11sccp.9-0-3TH1-22.sbn;tnp11.3-0-1-33.bin;SCCP11.9-0-3S;9.1;FCH151587XB;CP-7911G;No;phone;Cisco Unified IP Phone 7911G, Global;CP-7911G;V09;FCH151587XB;6:45:42p;Asia/Riyadh;20/09/15;10947408;1732300;601064
10.159.188.223;00270DBEDA17;SEP00270DBEDA17;8746;jar11sccp.9-0-3TH1-22.sbn;tnp11.3-0-1-33.bin;SCCP11.9-0-3S;8.2;FCH13428VZD;CP-7911G;No;phone;Cisco Unified IP Phone 7911G, Global;CP-7911G;V08;FCH13428VZD;6:45:50p;Asia/Riyadh;20/09/15;10955600;1698776;601040
10.159.188.224;20BBC0929772;SEP20BBC0929772;8531;jar42sccp.9-0-3TH1-22.sbn;tnp42.9-3-1-48.bin;SCCP42.9-0-3S;14.0;FCH170889EW;CP-7942G;No;phone;Cisco Unified IP Phone 7942G, Global;CP-7942G;V12;FCH170889EW;6:45:52p;Asia/Riyadh;20/09/15;7193248;2663256;413512
10.159.188.225;E840400D14A2;SEPE840400D14A2;8441;jar11sccp.9-0-2ES2.sbn;tnp11.3-0-1-33.bin;SCCP11.9-0-2SR1S;9.1;FCH15129AJR;CP-7911G;No;phone;Cisco Unified IP Phone 7911G, Global;CP-7911G;V09;FCH15129AJR;6:45:48p;Saudi Arabia Standard Time;20/09/15;12290944;1735348;148096
10.159.188.226;001BD512E881;SEP001BD512E881;3216;jar11sccp.8-4-1-23.sbn;tnp11.3-0-1-23.bin;SCCP11.8-4-2S;7.1;FCH11208F0S;CP-7911G;No;phone;Cisco Unified IP Phone 7911G, Global;CP-7911G;V03;FCH11208F0S;6:42:45p;20.09.15
10.159.188.228;001BD512D762;SEP001BD512D762;9030;jar11sccp.9-0-2ES2.sbn;tnp11.3-0-1-23.bin;SCCP11.9-0-2SR1S;7.1;FCH11208B7V;CP-7911G;No;phone;Cisco Unified IP Phone 7911G, Global;CP-7911G;V03;FCH11208B7V;6:45:43p;Saudi Arabia Standard Time;20/09/15;12163968;1749412;125976
10.159.188.230;00270DBED9D2;SEP00270DBED9D2;8509;jar11sccp.9-0-3TH1-22.sbn;tnp11.3-0-1-33.bin;SCCP11.9-0-3S;8.2;FCH13428VXC;CP-7911G;No;phone;Cisco Unified IP Phone 7911G, Global;CP-7911G;V08;FCH13428VXC;6:46:10p;Asia/Riyadh;20/09/15;10955600;1725428;595192
10.159.188.231;1CAA0711880F;SEP1CAA0711880F;8501;jar11sccp.9-0-3TH1-22.sbn;tnp11.3-0-1-33.bin;SCCP11.9-0-3S;9.1;FCH15158KXC;CP-7911G;No;phone;Cisco Unified IP Phone 7911G, Global;CP-7911G;V09;FCH15158KXC;6:46:09p;Asia/Riyadh;20/09/15;10955600;1643108;604040
10.159.188.233;001BD4A004A0;SEP001BD4A004A0;7856;jar11sccp.9-0-3TH1-22.sbn;tnp11.3-0-1-23.bin;SCCP11.9-0-3S;5.1;FCH11178SME;CP-7911G;No;phone;Cisco Unified IP Phone 7911G, Global;CP-7911G;V02;FCH11178SME;6:46:28p;Asia/Riyadh;20/09/15;10963792;1706944;601104
10.159.188.235;00270DBEDB15;SEP00270DBEDB15;8714;jar11sccp.9-0-3TH1-22.sbn;tnp11.3-0-1-33.bin;SCCP11.9-0-3S;8.2;FCH13428W6V;CP-7911G;No;phone;Cisco Unified IP Phone 7911G, Global;CP-7911G;V08;FCH13428W6V;6:46:54p;Asia/Riyadh;20/09/15;10971984;1715732;604760
10.159.188.236;001BD512D673;SEP001BD512D673;3599;jar11sccp.9-0-2ES2.sbn;tnp11.3-0-1-23.bin;SCCP11.9-0-2SR1S;7.1;FCH11208B0U;CP-7911G;No;phone;Cisco Unified IP Phone 7911G, Global;CP-7911G;V03;FCH11208B0U;6:46:50p;Saudi Arabia Standard Time;20/09/15;12209024;1686076;131312
10.159.188.237;CCD539D65354;SEPCCD539D65354;8530;jar42sccp.9-0-3TH1-22.sbn;tnp42.9-3-1-48.bin;SCCP42.9-0-3S;14.0;FCH164990XB;CP-7942G;No;phone;Cisco Unified IP Phone 7942G, Global;CP-7942G;V12;FCH164990XB;6:46:51p;Asia/Riyadh;20/09/15;7856800;2765260;136448
10.159.188.238;1C17D337C866;SEP1C17D337C866;8533;jar11sccp.9-0-3TH1-22.sbn;tnp11.3-0-1-33.bin;SCCP11.9-0-3S;8.2;FCH1416A7C9;CP-7911G;No;phone;Cisco Unified IP Phone 7911G, Global;CP-7911G;V08;FCH1416A7C9;6:47:00p;Asia/Riyadh;20/09/15;10963792;1727264;601560
10.159.188.239;08CC683003C4;SEP08CC683003C4;8708;jar42sccp.9-0-3TH1-22.sbn;tnp62.9-3-1-48.bin;SCCP42.9-0-3S;14.0;FCH1711ADFQ;CP-7962G;No;phone;Cisco Unified IP Phone 7962G, Global;CP-7962G;V13;FCH1711ADFQ;6:46:59p;Asia/Riyadh;20/09/15;7348896;2719656;469776
10.159.188.240;1CAA07114F23;SEP1CAA07114F23;8439;jar11sccp.9-0-2ES2.sbn;tnp11.3-0-1-33.bin;SCCP11.9-0-2SR1S;9.1;FCH151587AB;CP-7911G;No;phone;Cisco Unified IP Phone 7911G, Global;CP-7911G;V09;FCH151587AB;6:47:01p;Saudi Arabia Standard Time;20/09/15;12307328;1715556;148704
10.159.188.241;FCFBFB116A45;SEPFCFBFB116A45;7871;jar42sccp.9-0-3TH1-22.sbn;tnp62.8-3-1-21a.bin;SCCP42.9-0-3S;11.0;FCH14099CVB;CP-7962G;No;phone;Cisco Unified IP Phone 7962G, Global;CP-7962G;V06;FCH14099CVB;6:46:57p;Asia/Riyadh;20/09/15;7320224;2561216;466336
10.159.188.243;081FF363414C;SEP081FF363414C;8407;jar42sccp.9-0-2ES2.sbn;tnp42.8-3-1-21a.bin;SCCP42.9-0-2SR1S;11.0;FCH1412819M;CP-7942G;No;phone;Cisco Unified IP Phone 7942G, Global;CP-7942G;V06;FCH1412819M;6:47:20p;Saudi Arabia Standard Time;20/09/15;8118944;2704412;495768
10.159.188.244;B4A4E329D48D;SEPB4A4E329D48D;8202;jar45sccp.9-0-2ES2.sbn;tnp65.8-3-1-21a.bin;SCCP45.9-0-2SR1S;B016-1-0-4;B016-1-0-4;12.0;FCH1438859W;CP-7965G;No;phone;Cisco Unified IP Phone 7965G, Global, Gig Ethernet, Color;CP-7965G;V08;FCH1438859W;KEM;Cisco Keypad Expansion Module,7916,COLOR;CP-7916;V2;FCH1436AYUA;KEM;Cisco Keypad Expansion Module,7916,COLOR;CP-7916;V2;FCH143780DL;6:47:15p;Saudi Arabia Standard Time;20/09/15;6292128;2585860;193016
10.159.188.245;B4A4E3D697E4;SEPB4A4E3D697E4;8206;jar11sccp.9-0-2ES2.sbn;tnp11.3-0-1-33.bin;SCCP11.9-0-2SR1S;9.1;FCH14389ELR;CP-7911G;No;phone;Cisco Unified IP Phone 7911G, Global;CP-7911G;V09;FCH14389ELR;6:47:19p;Saudi Arabia Standard Time;20/09/15;12278656;1721480;138272
10.159.188.246;001BD4A01D26;SEP001BD4A01D26;9069;jar11.7-2-2-12.sbn;tnp11.3-0-1-23.bin;term11.default;5.1;FCH11178Y22;CP-7911G;No
10.159.188.247;D4D748FF8D9A;SEPD4D748FF8D9A;3530;jar11sccp.9-0-2ES2.sbn;tnp11.3-0-1-33.bin;SCCP11.9-0-2SR1S;9.1;FCH15469NLX;CP-7911G;No;phone;Cisco Unified IP Phone 7911G, Global;CP-7911G;V09;FCH15469NLX;6:47:20p;Saudi Arabia Standard Time;20/09/15;12295040;1718796;146464
10.159.188.248;B4A4E3D6DB08;SEPB4A4E3D6DB08;8371;jar11sccp.9-0-2ES2.sbn;tnp11.3-0-1-33.bin;SCCP11.9-0-2SR1S;9.1;FCH14389VGP;CP-7911G;No;phone;Cisco Unified IP Phone 7911G, Global;CP-7911G;V09;FCH14389VGP;6:47:20p;Saudi Arabia Standard Time;20/09/15;12278656;1704792;130216
10.159.188.249;B4A4E3D72FC1;SEPB4A4E3D72FC1;8375;jar11sccp.9-0-2ES2.sbn;tnp11.3-0-1-33.bin;SCCP11.9-0-2SR1S;9.1;FCH1438AGXQ;CP-7911G;No;phone;Cisco Unified IP Phone 7911G, Global;CP-7911G;V09;FCH1438AGXQ;6:47:23p;Saudi Arabia Standard Time;20/09/15;12282752;1721976;147672
10.159.188.252;FCFBFB10D934;SEPFCFBFB10D934;8406;jar42sccp.9-0-2ES2.sbn;tnp42.8-3-1-21a.bin;SCCP42.9-0-2SR1S;11.0;FCH14098DV1;CP-7942G;No;phone;Cisco Unified IP Phone 7942G, Global;CP-7942G;V06;FCH14098DV1;6:47:20p;Saudi Arabia Standard Time;20/09/15;8622752;2730404;166544
10.159.188.253;E840400D37B6;SEPE840400D37B6;8432;jar11sccp.9-0-2ES2.sbn;tnp11.3-0-1-33.bin;SCCP11.9-0-2SR1S;9.1;FCH15129JB7;CP-7911G;No;phone;Cisco Unified IP Phone 7911G, Global;CP-7911G;V09;FCH15129JB7;6:47:16p;Saudi Arabia Standard Time;20/09/15;12249984;1710844;141384
10.159.188.255;001BD512D857;SEP001BD512D857;8534;jar11sccp.9-0-3TH1-22.sbn;tnp11.3-0-1-23.bin;SCCP11.9-0-3S;7.1;FCH11208BF2;CP-7911G;No;phone;Cisco Unified IP Phone 7911G, Global;CP-7911G;V03;FCH11208BF2;6:47:21p;Asia/Riyadh;20/09/15;10591056;1763464;601968
10.159.189.0;88F0778817F4;SEP88F0778817F4;8458;jar11sccp.9-0-2ES2.sbn;tnp11.3-0-1-33.bin;SCCP11.9-0-2SR1S;9.1;FCH151784PQ;CP-7911G;No;phone;Cisco Unified IP Phone 7911G, Global;CP-7911G;V09;FCH151784PQ;6:47:26p;Saudi Arabia Standard Time;20/09/15;12151680;1723220;134312
10.159.189.2;E840400C5DC8;SEPE840400C5DC8;9071;jar11sccp.9-0-2ES2.sbn;tnp11.3-0-1-33.bin;SCCP11.9-0-2SR1S;9.1;FCH15128417;CP-7911G;No;phone;Cisco Unified IP Phone 7911G, Global;CP-7911G;V09;FCH15128417;6:47:25p;Saudi Arabia Standard Time;20/09/15;11828096;1716116;147144
10.159.189.3;B4A4E3D64498;SEPB4A4E3D64498;8433;jar11sccp.9-0-2ES2.sbn;tnp11.3-0-1-33.bin;SCCP11.9-0-2SR1S;9.1;FCH14388W5C;CP-7911G;No;phone;Cisco Unified IP Phone 7911G, Global;CP-7911G;V09;FCH14388W5C;6:47:19p;Saudi Arabia Standard Time;20/09/15;12143488;1750472;124552
10.159.189.4;001BD512D686;SEP001BD512D686;9052;jar11.7-2-2-12.sbn;tnp11.3-0-1-23.bin;term11.default;7.1;FCH11208B1D;CP-7911G
10.159.189.5;081FF363255D;SEP081FF363255D;8410;jar42sccp.9-0-2ES2.sbn;tnp42.8-3-1-21a.bin;SCCP42.9-0-2SR1S;11.0;FCH1411AGBW;CP-7942G;No;phone;Cisco Unified IP Phone 7942G, Global;CP-7942G;V06;FCH1411AGBW;6:47:29p;Saudi Arabia Standard Time;20/09/15;8594080;2696428;177016
10.159.189.6;E840400D1827;SEPE840400D1827;8538;jar11sccp.9-0-3TH1-22.sbn;tnp11.3-0-1-33.bin;SCCP11.9-0-3S;9.1;FCH15129BBA;CP-7911G;No;phone;Cisco Unified IP Phone 7911G, Global;CP-7911G;V09;FCH15129BBA;6:47:28p;Asia/Riyadh;20/09/15;10984272;1694996;571136
10.159.189.7;1C17D337C391;SEP1C17D337C391;8461;jar11sccp.9-0-2ES2.sbn;tnp11.3-0-1-33.bin;SCCP11.9-0-2SR1S;8.2;FCH1416A69W;CP-7911G;No;phone;Cisco Unified IP Phone 7911G, Global;CP-7911G;V08;FCH1416A69W;6:47:22p;Saudi Arabia Standard Time;20/09/15;12307328;1719808;137536
10.159.189.8;001BD4A06185;SEP001BD4A06185;9011;jar11sccp.9-0-2ES2.sbn;tnp11.3-0-1-23.bin;SCCP11.9-0-2SR1S;5.1;FCH11179GP8;CP-7911G;No;phone;Cisco Unified IP Phone 7911G, Global;CP-7911G;V02;FCH11179GP8;6:47:30p;Saudi Arabia Standard Time;20/09/15;12114816;1825560;143096
10.159.189.9;1CAA071187F2;SEP1CAA071187F2;8456;jar11sccp.9-0-2ES2.sbn;tnp11.3-0-1-33.bin;SCCP11.9-0-2SR1S;9.1;FCH15158KWH;CP-7911G;No;phone;Cisco Unified IP Phone 7911G, Global;CP-7911G;V09;FCH15158KWH;6:47:29p;Saudi Arabia Standard Time;20/09/15;12143488;1710068;127320
10.159.189.10;3037A617119B;SEP3037A617119B;8541;jar42sccp.9-0-3TH1-22.sbn;tnp62.8-3-1-21a.bin;SCCP42.9-0-3S;11.0;FCH14078DQH;CP-7962G;No;phone;Cisco Unified IP Phone 7962G, Global;CP-7962G;V06;FCH14078DQH;6:47:26p;Asia/Riyadh;20/09/15;7316128;2700540;469952
10.159.189.11;001BD512D619;SEP001BD512D619;8900;jar11sccp.9-0-3TH1-22.sbn;tnp11.3-0-1-23.bin;SCCP11.9-0-3S;7.1;FCH11208AY6;CP-7911G;No;phone;Cisco Unified IP Phone 7911G, Global;CP-7911G;V03;FCH11208AY6;6:47:32p;Asia/Riyadh;20/09/15;10951504;1693112;591392
10.159.189.12;001BD4A02ED7;SEP001BD4A02ED7;7874;jar11sccp.9-0-3TH1-22.sbn;tnp11.3-0-1-23.bin;SCCP11.9-0-3S;5.1;FCH111791ZA;CP-7911G;No;phone;Cisco Unified IP Phone 7911G, Global;CP-7911G;V02;FCH111791ZA;6:47:28p;Asia/Riyadh;20/09/15;10947408;1648312;601600
10.159.189.16;20BBC09352A0;SEP20BBC09352A0;7820;jar42sccp.9-0-3TH1-22.sbn;tnp42.9-3-1-48.bin;SCCP42.9-0-3S;14.0;FCH17089J7Y;CP-7942G;No;phone;Cisco Unified IP Phone 7942G, Global;CP-7942G;V12;FCH17089J7Y;6:47:32p;Asia/Riyadh;20/09/15;7836320;2640552;112144
10.159.189.17;1CAA071186FB;SEP1CAA071186FB;9003;jar11sccp.9-0-2ES2.sbn;tnp11.3-0-1-33.bin;SCCP11.9-0-2SR1S;9.1;FCH15158KP8;CP-7911G;No;phone;Cisco Unified IP Phone 7911G, Global;CP-7911G;V09;FCH15158KP8;6:47:37p;Saudi Arabia Standard Time;20/09/15;12290944;1748288;147952
10.159.189.18;20BBC0933970;SEP20BBC0933970;9068;jar42sccp.9-0-2ES2.sbn;tnp42.9-3-1-48.bin;SCCP42.9-0-2SR1S;14.0;FCH17089CN1;CP-7942G;No;phone;Cisco Unified IP Phone 7942G, Global;CP-7942G;V12;FCH17089CN1;6:47:34p;Saudi Arabia Standard Time;20/09/15;8622752;2684888;180256
10.159.189.21;A4563041DA2B;SEPA4563041DA2B;8537;jar45sccp.9-0-3TH1-22.sbn;tnp65.8-3-1-21a.bin;SCCP45.9-0-3S;12.0;FCH16038LQ4;CP-7965G;No;phone;Cisco Unified IP Phone 7965G, Global, Gig Ethernet, Color;CP-7965G;V11;FCH16038LQ4;6:47:37p;Asia/Riyadh;20/09/15;5677728;2646400;222808
10.159.189.25;1CAA07118806;SEP1CAA07118806;7837;jar11sccp.9-0-3TH1-22.sbn;tnp11.3-0-1-33.bin;SCCP11.9-0-3S;9.1;FCH15158KX3;CP-7911G;No;phone;Cisco Unified IP Phone 7911G, Global;CP-7911G;V09;FCH15158KX3;6:47:40p;Asia/Riyadh;20/09/15;10971984;1702360;601336
10.159.189.26;B4A4E3D73E20;SEPB4A4E3D73E20;8235;jar11sccp.9-0-2ES2.sbn;tnp11.3-0-1-33.bin;SCCP11.9-0-2SR1S;9.1;FCH1438AL41;CP-7911G;No;phone;Cisco Unified IP Phone 7911G, Global;CP-7911G;V09;FCH1438AL41;6:47:34p;Saudi Arabia Standard Time;20/09/15;12196736;1691408;122424
10.159.189.28;FCFBFB10D932;SEPFCFBFB10D932;9016;jar42sccp.9-0-2ES2.sbn;tnp42.8-3-1-21a.bin;SCCP42.9-0-2SR1S;11.0;FCH14098DUZ;CP-7942G;No;phone;Cisco Unified IP Phone 7942G, Global;CP-7942G;V06;FCH14098DUZ;6:47:45p;Saudi Arabia Standard Time;20/09/15;8618656;2742236;172104
10.159.189.29;24B6574533F1;SEP24B6574533F1;8539;jar11sccp.9-0-3TH1-22.sbn;tnp11.3-0-1-33.bin;SCCP11.9-0-3S;9.1;FCH1542A6FL;CP-7911G;No;phone;Cisco Unified IP Phone 7911G, Global;CP-7911G;V09;FCH1542A6FL;6:47:33p;Asia/Riyadh;20/09/15;10832720;1695628;563408
10.159.189.30;B4A4E3D72806;SEPB4A4E3D72806;9034;jar11sccp.9-0-2ES2.sbn;tnp11.3-0-1-33.bin;SCCP11.9-0-2SR1S;9.1;FCH1438AF7C;CP-7911G;No;phone;Cisco Unified IP Phone 7911G, Global;CP-7911G;V09;FCH1438AF7C;6:47:46p;Saudi Arabia Standard Time;20/09/15;12233600;1665912;121016
10.159.189.31;ECC882B01DF8;SEPECC882B01DF8;8904;jar42sccp.9-0-3TH1-22.sbn;tnp62.8-3-1-21a.bin;SCCP42.9-0-3S;11.0;FCH14448WEP;CP-7962G;No;phone;Cisco Unified IP Phone 7962G, Global;CP-7962G;V07;FCH14448WEP;6:47:37p;Asia/Riyadh;20/09/15;7864992;2793976;136160
10.159.189.32;001BD512D71D;SEP001BD512D71D;8542;jar11sccp.9-0-3TH1-22.sbn;tnp11.3-0-1-23.bin;SCCP11.9-0-3S;7.1;FCH11208B5U;CP-7911G;No;phone;Cisco Unified IP Phone 7911G, Global;CP-7911G;V03;FCH11208B5U;6:47:42p;Asia/Riyadh;20/09/15;10963792;1808208;600856
10.159.189.33;D4D748FFDE61;SEPD4D748FFDE61;3531;jar11sccp.9-0-2ES2.sbn;tnp11.3-0-1-33.bin;SCCP11.9-0-2SR1S;9.1;FCH1546A6J8;CP-7911G;No;phone;Cisco Unified IP Phone 7911G, Global;CP-7911G;V09;FCH1546A6J8;6:47:47p;Saudi Arabia Standard Time;20/09/15;12241792;1726132;128944
10.159.189.36;E840400D243B;SEPE840400D243B;9049;jar11sccp.9-0-2ES2.sbn;tnp11.3-0-1-33.bin;SCCP11.9-0-2SR1S;9.1;FCH15129E0A;CP-7911G;No;phone;Cisco Unified IP Phone 7911G, Global;CP-7911G;V09;FCH15129E0A;6:48:04p;Saudi Arabia Standard Time;20/09/15;12237696;1693168;128016
10.159.189.37;F02929581318;SEPF02929581318;9035;jar42sccp.9-0-2ES2.sbn;tnp42.9-3-1-48.bin;SCCP42.9-0-2SR1S;14.0;FCH17038GF9;CP-7942G;No;phone;Cisco Unified IP Phone 7942G, Global;CP-7942G;V12;FCH17038GF9;6:48:06p;Saudi Arabia Standard Time;20/09/15;8659616;2688668;185640
